feature,mean_importance
acl,-0.01048378110520185
samhsa,0.03707922856159028
ihs,0.03796089117320836
Centers for Disease Control and Prevention,0.03904927079445402
ahrq,0.08643159959362404
Food and Drug Administration,0.10610094793872471
hrsa,0.11880120596295266
nih,0.2026839141719745
acf,0.2421027069744174
Centers for Medicare and Medicaid Services,0.31960228895285303
os,0.455691267896813
aspr,0.7728451286070538
