target,prediction
5380.999999999999,4740.171749428438
35073.999999999985,33840.95802366938
86975.00000000004,163698.18759107363
758.0000000000002,80.99589198083189
1045.0000000000002,45.64634123299209
14.999999999999996,74.57268229995401
