feature,mean_importance
ahrq,1.3700767994923808e-05
ihs,0.00021220985803073136
hrsa,0.028701094555922534
acl,0.03015927126081878
Centers for Medicare and Medicaid Services,0.04617367029405954
samhsa,0.08672929134617488
Centers for Disease Control and Prevention,0.08778876156658111
nih,0.1583123649058275
os,0.1659542811824842
aspr,0.1900707004233751
Food and Drug Administration,0.3494539240091848
acf,2.784593227623004
