feature,mean_importance
ahrq,1.2993470546195982e-05
ihs,0.00021228263342034406
hrsa,0.027522321606364086
acl,0.029703412924894777
Centers for Medicare and Medicaid Services,0.06019176724224331
samhsa,0.07789710311901644
Centers for Disease Control and Prevention,0.10014658463617235
os,0.17235543394047365
aspr,0.18922537861341485
nih,0.19275255187592624
Food and Drug Administration,0.39056616980200237
acf,2.732842822050744
