feature,mean_importance
ahrq,1.278751032273756e-05
ihs,0.0001967428202596999
hrsa,0.026964858127989842
acl,0.028908842489665375
Centers for Disease Control and Prevention,0.07922792685649639
samhsa,0.08229626665391492
Centers for Medicare and Medicaid Services,0.09877873299201298
os,0.15729302232232817
aspr,0.1780150661133269
nih,0.19681222681283753
Food and Drug Administration,0.5172995667412327
acf,2.606408405340726
