feature,mean_importance
ahrq,1.384782760763325e-05
ihs,0.0001895094299914386
hrsa,0.028007137253959723
acl,0.03305075126767284
Centers for Medicare and Medicaid Services,0.07419376272825642
Centers for Disease Control and Prevention,0.07781589547069236
samhsa,0.0817049194097196
nih,0.18129326343986715
os,0.18248182323220416
aspr,0.18889797049935403
Food and Drug Administration,0.4892252660000243
acf,2.586626348369473
