feature,mean_importance
ahrq,1.283890002930191e-05
ihs,0.00023545220897660456
hrsa,0.02389884076507193
acl,0.03194143475360588
Centers for Medicare and Medicaid Services,0.06687726830896859
samhsa,0.08149673522282111
Centers for Disease Control and Prevention,0.0988250824300788
os,0.17638660144464696
aspr,0.18538804488131336
nih,0.1991154721346143
Food and Drug Administration,0.4466067967571827
acf,2.6546004241046077
