target,prediction
336.99999999999994,1460604.1940815412
2515.0,232696.59285162378
2151.0000000000005,22969130.648326464
0.1799999999999996,9167985.994431118
114.99999999999999,582990.6240148069
0.27000000000000013,3659344.4232762624
