feature,mean_importance
ahrq,8.857087232172767e-05
Centers for Medicare and Medicaid Services,0.0032273519597947596
samhsa,0.013247667104005814
ihs,0.06895449492149054
hrsa,0.16824942827224731
nih,0.3420950473938137
acl,0.3558806858258322
os,0.44483422916382553
Centers for Disease Control and Prevention,0.516656443765387
aspr,0.5700885993102565
Food and Drug Administration,0.6302732173725963
acf,1.4258032715786249
