feature,mean_importance
hrsa,0.011999388218375906
Centers for Medicare and Medicaid Services,0.04404143085679424
acl,0.04862996017173754
ahrq,0.11236254266980623
samhsa,0.11886041422531175
nih,0.14491995895043747
ihs,0.1566434362724069
acf,0.21964675308197673
os,0.24383713375720223
Centers for Disease Control and Prevention,0.3359908196232211
aspr,0.3670361697967456
Food and Drug Administration,0.39945420227968975
