feature,mean_importance
nih,0.047377722684037796
ahrq,0.05811768710649172
Centers for Medicare and Medicaid Services,0.06733211662498242
samhsa,0.10002308444705736
acl,0.10824580060956643
os,0.13388131609945284
acf,0.1601176105205928
hrsa,0.1726745431152709
aspr,0.2639593843532711
Centers for Disease Control and Prevention,0.2933249687122666
ihs,0.4211077937588762
Food and Drug Administration,0.48171543904186737
