feature,mean_importance
Centers for Medicare and Medicaid Services,0.04825024388605599
nih,0.051370540937778486
samhsa,0.07569707592476269
ahrq,0.08751606041778813
acl,0.10312298340352748
hrsa,0.1351259524052238
os,0.19412077403248343
acf,0.208921276067971
ihs,0.22462026342128621
Centers for Disease Control and Prevention,0.30074759047095156
Food and Drug Administration,0.64471404961368
aspr,1.403923827357783
