feature,mean_importance
samhsa,0.05316159196023853
Centers for Medicare and Medicaid Services,0.060496143316581194
nih,0.07080022997696606
acl,0.07119614894782071
os,0.1504196401561268
hrsa,0.2021127335673245
ahrq,0.23615533169130992
acf,0.31876885677398403
Centers for Disease Control and Prevention,0.33026785742627685
ihs,0.3658967551721308
Food and Drug Administration,0.4753740291177614
aspr,1.0149693732208664
