feature,mean_importance
acl,0.05914197241028528
Centers for Medicare and Medicaid Services,0.06031127146418378
ahrq,0.06415735381775281
samhsa,0.12519267792041738
hrsa,0.13141040237711848
acf,0.13482498839129353
ihs,0.18195856129015472
aspr,0.1912030137849326
os,0.20462290006963357
nih,0.22348368434823204
Centers for Disease Control and Prevention,0.23926023089917026
Food and Drug Administration,0.33310123336707326
