feature,mean_importance
acl,0.09731287249606613
samhsa,0.17918067598620654
acf,0.20854745102421232
nih,0.3757939922552261
ahrq,0.40139292758199296
Food and Drug Administration,0.6543920750142883
Centers for Disease Control and Prevention,0.861971862433809
hrsa,1.1304369044702802
os,1.246580558779326
Centers for Medicare and Medicaid Services,1.287281299271244
ihs,2.461152444104173
aspr,4.719160212283812
