feature,mean_importance
acl,0.3670812446828083
samhsa,0.4633307346603142
ahrq,0.5216734369524425
acf,0.6121025483727389
Food and Drug Administration,0.9987762981485085
nih,1.1128207393084328
hrsa,1.1425921451428454
os,1.1902385351086875
Centers for Disease Control and Prevention,1.2188094507104814
Centers for Medicare and Medicaid Services,1.2781812022066597
ihs,2.2184177910788008
aspr,4.794110791728937
