feature,mean_importance
acl,0.46461789232371825
ahrq,0.708615826578604
acf,0.8039810427436713
samhsa,1.0693344894855288
hrsa,1.1339389999197889
Centers for Medicare and Medicaid Services,1.1600913748678667
Food and Drug Administration,1.3110685590079556
os,1.4279872957104243
Centers for Disease Control and Prevention,1.585614358645077
ihs,2.3012345428301786
nih,2.9701812514097066
aspr,4.924829364794386
