feature,mean_importance
acl,0.2489183770768637
ahrq,0.26723484209760034
samhsa,0.3337283240456176
acf,0.48440406856113294
Food and Drug Administration,0.8011566267427627
nih,0.9323223012778973
hrsa,1.0470709692170677
Centers for Medicare and Medicaid Services,1.2677946989728994
os,1.4282407864416098
Centers for Disease Control and Prevention,1.9178474712126121
ihs,2.9560152189662254
aspr,5.804920270405669
