feature,mean_importance
acl,0.19983457573017988
ahrq,0.35660440304531765
samhsa,0.6279268301207678
nih,0.7759006483346551
acf,0.8833711467195062
hrsa,1.2297904652780285
Food and Drug Administration,1.5042260479332257
Centers for Disease Control and Prevention,1.5341816346196706
os,1.5444189913922406
Centers for Medicare and Medicaid Services,1.8432578341980534
ihs,2.152951026266056
aspr,4.6361913896606675
