feature,mean_importance
ahrq,0.02563369326293468
hrsa,0.05147652942687273
Centers for Medicare and Medicaid Services,0.0542946669459343
ihs,0.07629117146134379
samhsa,0.12914084915071727
nih,0.14137081284075978
acl,0.14564008668065073
os,0.24416427958756684
Centers for Disease Control and Prevention,0.2956422451138496
Food and Drug Administration,0.3779862133041024
aspr,0.5442277224734425
acf,0.8014462656900287
