feature,mean_importance
ahrq,0.023840028233826166
hrsa,0.05091266319155694
Centers for Medicare and Medicaid Services,0.051526210159063356
ihs,0.07511006321758032
samhsa,0.13767413966357708
nih,0.14773208159953358
acl,0.15111296851187944
os,0.22792895842343572
Centers for Disease Control and Prevention,0.27488111335784193
Food and Drug Administration,0.4131230505555868
aspr,0.523724417462945
acf,0.806927321627736
