feature,mean_importance
ahrq,0.024243063256144524
hrsa,0.045657962746918204
Centers for Medicare and Medicaid Services,0.052990168072283295
ihs,0.08203211586922407
samhsa,0.13691053725779057
nih,0.14322554308921098
acl,0.14941985372453928
os,0.24397309966385367
Centers for Disease Control and Prevention,0.2965074560791254
Food and Drug Administration,0.3825523865967989
aspr,0.523864312544465
acf,0.8228911012411118
