feature,mean_importance
ahrq,0.0252109532430768
Centers for Medicare and Medicaid Services,0.048263930417597294
hrsa,0.055032618902623676
ihs,0.08090558148920537
nih,0.1343485880643129
samhsa,0.1416966661065817
acl,0.14482294369488957
os,0.24918892037123438
Centers for Disease Control and Prevention,0.2968883702531457
Food and Drug Administration,0.39723034005612134
aspr,0.5506121224164963
acf,0.7892177828401327
