feature,mean_importance
ahrq,0.029388385601341722
Centers for Medicare and Medicaid Services,0.05107409730553627
hrsa,0.05311052434146404
ihs,0.07261119812726975
samhsa,0.127161832600832
nih,0.13708051446825267
acl,0.13776005286723375
os,0.25356375273317094
Centers for Disease Control and Prevention,0.2903078811988234
Food and Drug Administration,0.41153753563761714
aspr,0.5297331635281444
acf,0.7996767768636346
