target,prediction
336.99999999999994,1216.95
2515.0,1216.95
2151.0000000000005,1216.95
0.1799999999999996,1216.95
114.99999999999999,1216.95
0.27000000000000013,1216.95
