feature,weight
intercept,2.7755575615628914e-17
Staff Involved,0.27425025693511773
