feature,mean_importance
50,-0.0013703064079810367
35,-0.0011410159519356256
59,-0.0003650138925122892
22,-0.0003635657687792282
31,0.0
56,0.0
48,0.0
47,0.0
40,0.0
8,0.0
24,0.0
23,0.0
16,0.0
15,4.258301660969854e-05
63,0.00011772494558330293
55,0.0001698462535946188
1,0.00020695682569767948
57,0.0003366931514055649
14,0.0007188254510078374
11,0.000975191230019029
49,0.0010071482821324528
7,0.0014537670492642929
17,0.0017295193359367744
34,0.0043445734963407315
25,0.004470942187795618
6,0.0045827577290064704
52,0.005770752604886953
51,0.005963481695486089
9,0.006100775783545231
61,0.008658027194323941
4,0.009414622346715373
30,0.010195343372200748
37,0.01055321225411413
13,0.010870088445242588
41,0.011111489219259012
58,0.011337371563444049
44,0.011845842953555763
29,0.011847685475540515
62,0.01185991615936573
2,0.012781434381678175
46,0.013630877014732461
10,0.014400388366193501
33,0.01636028824548702
3,0.018855299643937208
27,0.019013401994468743
12,0.020002422690783894
60,0.02089496483051872
45,0.021800968826412116
18,0.02182343042923431
20,0.023129257670457086
38,0.02401784861654353
54,0.027916507958973474
53,0.033698796231463476
5,0.03526111125803759
28,0.061506464498277104
19,0.07758584302288471
36,0.08052572040958761
43,0.08972828365079799
26,0.14722226426537857
42,0.19943887716303663
21,0.35991532513921365
