prediction,target
9320.861958238072,5381.0
34868.493003944895,35074.0
91231.36459851226,86975.0
174.29066949680532,758.0
2838.718834649943,1045.0
173.2201345499923,15.0
