feature,mean_importance
ahrq,0.3140280147937216
samhsa,0.6306692576310259
Food and Drug Administration,0.7782995064764819
acl,0.973095060627245
Centers for Disease Control and Prevention,1.0715124090806198
os,1.159960212362114
acf,1.254514195158888
Centers for Medicare and Medicaid Services,1.3896697232613056
hrsa,1.6818634782024813
nih,2.2462857162694183
ihs,2.978944179686176
aspr,5.1308498107844915
