feature,mean_importance
samhsa,0.029406149940424696
ahrq,0.0460027734142928
nih,0.07830611986269842
acl,0.16054573014498907
Food and Drug Administration,0.22013398873280848
acf,0.2542321401907752
Centers for Disease Control and Prevention,0.5405001436180724
os,0.663738764398311
hrsa,0.8221105901814199
Centers for Medicare and Medicaid Services,0.8995418824562597
ihs,2.1341372986847524
aspr,2.9297225406138563
