feature,mean_importance
samhsa,0.06407146582668957
ahrq,0.07210834174889431
nih,0.13295796245757482
acl,0.25122282333868223
acf,0.40964866482528456
Food and Drug Administration,0.455701348920328
Centers for Disease Control and Prevention,0.6150902421658785
os,0.8626821132742089
hrsa,0.9681513971999767
Centers for Medicare and Medicaid Services,1.0107351316723077
ihs,2.196250694034583
aspr,3.2910887140663236
