feature,mean_importance
ahrq,0.12718075924338207
samhsa,0.28301080268041645
acl,0.6677295089665295
os,0.7009146506490481
hrsa,0.8355395408422719
acf,1.0361574321458507
Centers for Medicare and Medicaid Services,1.1063728412866756
Centers for Disease Control and Prevention,1.2692863510726085
Food and Drug Administration,1.3877974836714047
nih,2.684277841025275
ihs,2.8994324249885457
aspr,4.421966439012595
