feature,mean_importance
samhsa,0.055416968225760296
ahrq,0.1351340241555747
acl,0.7451113252038597
Food and Drug Administration,0.872775681059984
hrsa,0.9218777841583963
os,1.0048746271288183
Centers for Medicare and Medicaid Services,1.1805838436921339
acf,1.2313537859356072
nih,1.2399529541607455
Centers for Disease Control and Prevention,1.3563349869928332
ihs,3.103761930208004
aspr,4.774878561674528
