feature,mean_importance
acl,0.14697092999706962
ahrq,0.15041019553282484
acf,0.2141631260623386
samhsa,0.27373005407589274
hrsa,0.43074274834140647
Food and Drug Administration,0.43917173832163864
nih,0.5450593917756319
os,0.9250006922136859
Centers for Disease Control and Prevention,0.9409953712898511
Centers for Medicare and Medicaid Services,0.974554107122749
ihs,2.0404846718543093
aspr,3.2334752565932185
