feature,mean_importance
ahrq,0.2521236195646705
acl,0.25639727742043733
hrsa,0.48048807079240685
Food and Drug Administration,0.6198299781152259
acf,0.6207925032861095
samhsa,0.9140308482751396
os,1.0024734053905262
Centers for Medicare and Medicaid Services,1.1970186423412337
Centers for Disease Control and Prevention,1.5734020992535716
nih,2.34688736251189
ihs,2.67361232659468
aspr,3.3220216939185705
