feature,mean_importance
ahrq,0.506470956878311
hrsa,0.544378219340461
acl,0.8437485070869718
samhsa,0.849552014126132
os,1.0707576855909362
acf,1.0878957482271134
Food and Drug Administration,1.1543987018412243
Centers for Medicare and Medicaid Services,1.2182071203603329
Centers for Disease Control and Prevention,2.1351532701833826
nih,3.2436266404677623
ihs,3.420070941420053
aspr,4.16674763123171
