feature,mean_importance
ahrq,0.30693291918967897
acl,0.4339221238240462
samhsa,0.747481594296886
hrsa,0.8475818434544932
Food and Drug Administration,0.953442109336363
acf,0.9997500621094165
os,1.0973222646685667
Centers for Medicare and Medicaid Services,1.3107551770245762
Centers for Disease Control and Prevention,1.7209728335441539
ihs,2.536975821197355
nih,2.824387251103152
aspr,3.8156042204657483
