feature,mean_importance
ahrq,0.3882741249459135
hrsa,0.5190988051443948
acl,0.6517536311155527
samhsa,0.8289182692868412
acf,1.0426785001266712
os,1.0605301873400108
Centers for Medicare and Medicaid Services,1.0687097282165035
Food and Drug Administration,1.0818502687648972
Centers for Disease Control and Prevention,2.017977163693332
ihs,3.1846352159498696
nih,3.317027208299571
aspr,3.914881057586679
