feature,mean_importance
ahrq,0.03734127353936319
acl,0.043565800693275626
acf,0.148982271337609
Centers for Disease Control and Prevention,0.1827097530148285
os,0.2457502342340649
Centers for Medicare and Medicaid Services,0.2952223279278407
samhsa,0.30532841547075595
hrsa,0.33355116681061303
Food and Drug Administration,0.336989525222693
nih,0.5000176938083911
ihs,0.9703072474072588
aspr,1.002223656193743
