feature,mean_importance
ahrq,0.032638856070790825
acl,0.04505624459751467
acf,0.14089125695860508
Centers for Disease Control and Prevention,0.19240941149233018
os,0.24797021021598767
Centers for Medicare and Medicaid Services,0.29057001563809803
samhsa,0.30335160736691946
hrsa,0.33025709891834654
Food and Drug Administration,0.3418195432349542
nih,0.5203983688382174
ihs,0.9649117733418606
aspr,1.0531831182534284
