feature,mean_importance
ahrq,0.033354669920645064
acl,0.039682124506807394
acf,0.13830577938500724
Centers for Disease Control and Prevention,0.18755597173405142
os,0.25401801967134857
Centers for Medicare and Medicaid Services,0.29665607437830654
samhsa,0.3127879213647292
Food and Drug Administration,0.3275975331074493
hrsa,0.3408802141618868
nih,0.5111818526428961
ihs,0.9630434730741598
aspr,1.0401733739284345
