feature,mean_importance
acl,0.03346962692290005
ahrq,0.03640002945845988
acf,0.16710744400792646
Centers for Disease Control and Prevention,0.17313390775200563
os,0.24067908706673405
samhsa,0.28733731743553287
Centers for Medicare and Medicaid Services,0.30188437525287903
hrsa,0.33663346049499465
Food and Drug Administration,0.3667537426810567
nih,0.49293744874796863
ihs,0.8960462287612287
aspr,1.022146502422314
