feature,mean_importance
ahrq,0.036189103375648735
acl,0.038277726408286486
acf,0.15161818244571945
Centers for Disease Control and Prevention,0.16677641472008414
os,0.23192234002689727
Centers for Medicare and Medicaid Services,0.2805636645342097
samhsa,0.2817174741442807
hrsa,0.3183381752696678
Food and Drug Administration,0.3434233989156078
nih,0.4695218207827754
ihs,0.8925165414286873
aspr,1.040802452154184
