feature,mean_importance
acl,0.03148568767354052
Centers for Medicare and Medicaid Services,0.038185366457530054
samhsa,0.06218737521499864
hrsa,0.06803917988897146
ahrq,0.10599967213191164
ihs,0.1120769812307701
acf,0.12902322895155546
os,0.17013010904664444
nih,0.21472315798077002
aspr,0.24712089632327197
Centers for Disease Control and Prevention,0.2705887444248457
Food and Drug Administration,0.2957026419274431
