feature,mean_importance
Centers for Medicare and Medicaid Services,0.0
nih,0.0
samhsa,0.0
hrsa,0.042241285533125894
ahrq,0.06332968992643143
ihs,0.14171306800000363
acf,0.15847201610524608
acl,0.19110295264242771
os,2.022008552072454
Food and Drug Administration,2.4685102214235193
Centers for Disease Control and Prevention,3.252459854112326
aspr,4.186174542936654
