feature,mean_importance
ahrq,0.042584560306019495
Centers for Medicare and Medicaid Services,0.05996949760765822
samhsa,0.06312581959881394
nih,0.07795277460363985
acl,0.11255552942069884
os,0.14142410021717106
aspr,0.15923240698978494
hrsa,0.16672488131281954
acf,0.24275186752771027
Food and Drug Administration,0.2909804947359355
ihs,0.3319474225725768
Centers for Disease Control and Prevention,0.36817622414041457
