feature,mean_importance
Centers for Medicare and Medicaid Services,-4.4408920985006264e-17
acl,0.05995607799860521
acf,0.06645717001298682
ahrq,0.07882837654402675
samhsa,0.1187476663188132
hrsa,0.13183072965064416
os,0.18700959621427388
Food and Drug Administration,0.1871644117468257
nih,0.23288725735168053
ihs,0.23710981739683032
Centers for Disease Control and Prevention,0.3247308247376968
aspr,0.4068895435061816
