feature,mean_importance
acl,0.0
Centers for Medicare and Medicaid Services,0.0
os,0.0
nih,1.4293374363222522
Food and Drug Administration,1.6404741494652182
hrsa,2.4512531691469666
acf,2.5551139312078184
ahrq,2.7831967870738152
samhsa,2.9039118135380586
aspr,3.1054719377502025
Centers for Disease Control and Prevention,3.412520672388397
ihs,6.08628697820186
