feature,mean_importance
acf,0.06693298332440267
ahrq,0.09741171307924675
samhsa,0.27741449460767953
os,0.2845550417759154
acl,0.34317035881910984
hrsa,0.5587696583229486
Centers for Medicare and Medicaid Services,0.790846754340122
Centers for Disease Control and Prevention,0.7956119564871252
Food and Drug Administration,1.0803849420145066
nih,1.8896704995526712
ihs,2.537630729576535
aspr,3.6736032382489965
