feature,mean_importance
acf,0.03738505763583162
ahrq,0.06449221429620348
samhsa,0.14803093909777182
os,0.2025663088174868
acl,0.250017970222929
nih,0.47935916224203473
hrsa,0.48545471341942664
Centers for Medicare and Medicaid Services,0.5161561184780166
Centers for Disease Control and Prevention,0.587314797813874
Food and Drug Administration,1.0645557442955078
ihs,2.1323077521544245
aspr,3.114690161406622
