feature,mean_importance
acf,0.07601081079155374
ahrq,0.11695734751242079
samhsa,0.3179793596563044
os,0.3452797645213906
acl,0.3810037120833174
hrsa,0.6415515296984136
Centers for Medicare and Medicaid Services,0.8431611372567595
Centers for Disease Control and Prevention,0.9232479658937093
Food and Drug Administration,1.1709628698249175
nih,1.7535074284467094
ihs,2.3681268936073345
aspr,3.7918221788610347
