feature,mean_importance
acf,0.04569355124227057
ahrq,0.07807022282717155
samhsa,0.1903710874430577
os,0.2530324059520873
acl,0.2667302600385381
nih,0.4667368912669625
hrsa,0.5139574417430515
Centers for Disease Control and Prevention,0.5524818510136873
Centers for Medicare and Medicaid Services,0.605146303557923
Food and Drug Administration,0.8890178107674995
ihs,2.022133931074344
aspr,3.0751087692958405
