feature,mean_importance
acf,0.0489698814089254
ahrq,0.07557322494602511
samhsa,0.16082532083079357
acl,0.2337798275254574
os,0.2706379736397677
nih,0.39105704001530983
hrsa,0.4907367592370795
Centers for Disease Control and Prevention,0.5171564362011416
Centers for Medicare and Medicaid Services,0.6218784804968018
Food and Drug Administration,0.9721928299718676
ihs,2.2331890377166044
aspr,3.0661538942933064
