feature,weight
intercept,7.28583859910259e-17
Staff Involved,0.380505468945801
