target,prediction
336.99999999999994,4042.7210438997895
2515.0,2271.0360218643673
2151.0000000000005,9600.512913015218
0.1799999999999996,7196.019310216191
114.99999999999999,3030.079318385938
0.27000000000000013,5393.689122994775
