feature,mean_importance
ahrq,0.00011737191118300073
Centers for Medicare and Medicaid Services,0.003445198507979515
samhsa,0.012269576201215387
ihs,0.060558369271457205
hrsa,0.16449256812222302
acl,0.3330458786059171
nih,0.3667852437216789
os,0.447315854979679
Centers for Disease Control and Prevention,0.49812810868024826
aspr,0.5613781060883776
Food and Drug Administration,0.7156022876221686
acf,1.4663664089981465
