feature,mean_importance
ahrq,9.363275952637279e-05
Centers for Medicare and Medicaid Services,0.0036627179570496104
samhsa,0.011509291483089329
ihs,0.06285284017212689
hrsa,0.15649723662063478
acl,0.35053159527946265
nih,0.3519260448869318
os,0.39757039717398585
Centers for Disease Control and Prevention,0.5296424687653779
aspr,0.5667148422403261
Food and Drug Administration,0.6296448014676571
acf,1.4588186437729747
