feature,mean_importance
ahrq,9.338676929473988e-05
Centers for Medicare and Medicaid Services,0.003528102664276958
samhsa,0.012329540271311999
ihs,0.06727127183228732
hrsa,0.13777601613663137
acl,0.34473265448119494
nih,0.35382064109668143
os,0.4000080951210111
Centers for Disease Control and Prevention,0.5376558302529156
aspr,0.5543045403016732
Food and Drug Administration,0.6872342294268311
acf,1.5031019107997416
