feature,mean_importance
ahrq,8.620386943221232e-05
Centers for Medicare and Medicaid Services,0.0034151937440037748
samhsa,0.01250122110359371
ihs,0.062338866060599685
hrsa,0.1596726331859827
acl,0.3505781963514164
os,0.3809204516652972
nih,0.3855876365955919
Centers for Disease Control and Prevention,0.48435900691896683
aspr,0.5479206166928634
Food and Drug Administration,0.7395188622642308
acf,1.4475027330964803
