target,prediction
0.5969999999999995,1015.9314392723497
0.403,1015.9314392723497
86975.00000000001,1015.9314392723497
62.00000000000001,1015.9314392723497
0.403,1015.9314392723497
757.9999999999999,1015.9314392723497
