feature,mean_importance
Centers for Medicare and Medicaid Services,0.03942112633814249
ahrq,0.06979843959813806
hrsa,0.11074825131463131
acl,0.11523289849089129
acf,0.1528512868135954
samhsa,0.156720658409447
aspr,0.20231079856106265
ihs,0.204502989315788
nih,0.21216592369671067
os,0.21335268878650288
Centers for Disease Control and Prevention,0.23522744704107473
Food and Drug Administration,0.24385804892990798
