feature,mean_importance
Centers for Medicare and Medicaid Services,0.048676066068436254
samhsa,0.05825770985291524
acf,0.1284385024798987
ahrq,0.12876012157422995
aspr,0.17626451858259173
nih,0.1990177809098731
hrsa,0.2063923960294265
os,0.24501357734338977
acl,0.26222104333031415
Centers for Disease Control and Prevention,0.2763119300649016
ihs,0.3454714935705189
Food and Drug Administration,0.3853218379366804
