feature,mean_importance
ahrq,0.061691475888910406
acl,0.0808967277381984
Centers for Medicare and Medicaid Services,0.08735311607574436
samhsa,0.1105172399242655
acf,0.12766222804066973
hrsa,0.15724436578411863
os,0.18316805757736765
aspr,0.186363136393423
nih,0.1919235114708139
ihs,0.21506627159241654
Centers for Disease Control and Prevention,0.26838274001052226
Food and Drug Administration,0.2715729064294835
