target,prediction
2151.0,2583.145625
137.0,2583.145625
42.0,2583.145625
14050.0,2583.145625
67.0,2583.145625
115.0,2583.145625
