feature,mean_importance
Centers for Medicare and Medicaid Services,0.00038912525064446513
ahrq,0.0004072464654585301
acl,0.0013375688091849724
acf,0.003059302105242014
samhsa,0.0032197362574397743
os,0.007113769735385776
hrsa,0.00786461789703185
ihs,0.009939422631110612
Food and Drug Administration,0.029405512614057005
Centers for Disease Control and Prevention,0.03427585465510401
nih,0.039415960244473365
aspr,0.3375245893944318
