feature,mean_importance
ahrq,0.00042529441259537984
Centers for Medicare and Medicaid Services,0.0008192926603769891
acl,0.001972974004345272
samhsa,0.0044188242669208275
acf,0.006854107918722686
ihs,0.007442422300011869
os,0.008870003561511717
hrsa,0.010593608289848629
nih,0.016505514946116916
Centers for Disease Control and Prevention,0.021245528325029493
Food and Drug Administration,0.03564542260027692
aspr,0.3056089286831871
