feature,mean_importance
ahrq,0.0003588715024333515
acl,0.001066332921036971
Centers for Medicare and Medicaid Services,0.001120735836503111
acf,0.004048981160972157
samhsa,0.004735527943405102
hrsa,0.006448843285544339
os,0.010125007251427728
ihs,0.01374141449035125
Centers for Disease Control and Prevention,0.020825181143763572
nih,0.026844312208732946
Food and Drug Administration,0.04843367995394788
aspr,0.23230594291053305
