feature,mean_importance
ahrq,0.00029015398714426013
acl,0.0014273960570971636
Centers for Medicare and Medicaid Services,0.0014596775819656503
samhsa,0.0015998652856407502
os,0.005968069967965086
acf,0.006501982266334788
hrsa,0.008425785632891359
ihs,0.010607754910868804
Food and Drug Administration,0.010718831722782875
Centers for Disease Control and Prevention,0.028813708935779236
nih,0.03996686163533504
aspr,0.25446549695276877
