feature,mean_importance
acl,0.0007509736951622581
ahrq,0.0008858758519155789
Centers for Medicare and Medicaid Services,0.0010392011779309668
samhsa,0.00460923981003842
acf,0.004945255210815035
hrsa,0.00665915130694424
os,0.009397244000598904
ihs,0.013404043835022634
nih,0.014251793285423597
Centers for Disease Control and Prevention,0.02286054294291073
Food and Drug Administration,0.02836081734302336
aspr,0.09572372016889501
