feature,mean_importance
ahrq,0.0004922014628080303
Centers for Medicare and Medicaid Services,0.0008124900693928618
acf,0.0012709815892068869
acl,0.0023132985112362748
ihs,0.005305365030147932
samhsa,0.005355256447808637
hrsa,0.011718277747990162
nih,0.019514218836698197
Centers for Disease Control and Prevention,0.029224819646044276
os,0.029485052490589934
Food and Drug Administration,0.06445688925075921
aspr,0.30809444039122447
