feature,mean_importance
ahrq,0.0004523177733614027
Centers for Medicare and Medicaid Services,0.0012782755012399993
acl,0.0016428182754919768
acf,0.0023398934553297414
samhsa,0.006506653962186882
ihs,0.008128621266374607
os,0.012960259966989846
hrsa,0.016892935469072938
Food and Drug Administration,0.021483881225861
Centers for Disease Control and Prevention,0.022802515213613306
nih,0.040799429781184726
aspr,0.2995125699693665
