feature,mean_importance
ahrq,0.0009468942706154252
acf,0.0014779044008298183
Centers for Medicare and Medicaid Services,0.0022578732520283523
acl,0.002765788910521546
ihs,0.00771084623657306
samhsa,0.0085851563389015
nih,0.009971137306516258
hrsa,0.010540203847880191
Centers for Disease Control and Prevention,0.03707311001593723
os,0.038012507448425506
Food and Drug Administration,0.059643064680886426
aspr,0.18816639835720805
