feature,mean_importance
ahrq,0.0005513588484776894
Centers for Medicare and Medicaid Services,0.001310548482505241
acl,0.0013118434073085303
acf,0.002194390915305613
ihs,0.004083717209917113
samhsa,0.007753989700307365
os,0.023431999576863365
hrsa,0.027160409129628905
Centers for Disease Control and Prevention,0.02783446430614416
nih,0.028355161357567594
Food and Drug Administration,0.0433762378134953
aspr,0.28704380701595855
