feature,mean_importance
ahrq,0.0009406308609295388
acf,0.0016921123808945598
Centers for Medicare and Medicaid Services,0.0019261153643370145
acl,0.0028354097334750755
samhsa,0.007035304436793642
ihs,0.0070428860416527255
nih,0.008753711351375018
hrsa,0.00883142680787853
os,0.023681842776322546
Centers for Disease Control and Prevention,0.033038968917555804
Food and Drug Administration,0.05737161147142903
aspr,0.31157541251939486
