feature,mean_importance
Centers for Medicare and Medicaid Services,0.031035839525193776
ahrq,0.039492564653218154
acl,0.0434497221880251
ihs,0.09511228089016406
hrsa,0.10139901649281495
acf,0.11871033534248157
samhsa,0.120948572871123
aspr,0.1331119920792138
nih,0.14994726478173598
Centers for Disease Control and Prevention,0.1651427945072999
Food and Drug Administration,0.2387696597830963
os,0.311779050338462
