feature,mean_importance
acl,0.07413175132612246
ahrq,0.07899869328610754
ihs,0.081223624902552
Centers for Medicare and Medicaid Services,0.09310527185405348
samhsa,0.10779736319354383
hrsa,0.10943509587834013
acf,0.12705823807214117
os,0.16225342082811345
Centers for Disease Control and Prevention,0.18750860266687494
Food and Drug Administration,0.212658143501762
nih,0.23725362958975799
aspr,0.35107563639772604
