feature,mean_importance
Food and Drug Administration,0.03970343449668747
hrsa,0.04305422287712699
Centers for Medicare and Medicaid Services,0.06761817295858734
ahrq,0.10147283869624815
acl,0.12087431722672429
ihs,0.13592381834025705
acf,0.18951254876058377
os,0.1947485631776059
aspr,0.20306931474841106
samhsa,0.2310598227964829
nih,0.4499869130378048
Centers for Disease Control and Prevention,0.4812648204842522
