feature,mean_importance
ahrq,0.04705683034285808
Centers for Medicare and Medicaid Services,0.06542211164482344
ihs,0.06650687107686168
acl,0.08206256445262819
hrsa,0.09054700786625432
Food and Drug Administration,0.15753145017085585
samhsa,0.182079967814792
acf,0.1886132157424429
aspr,0.20818904443394484
Centers for Disease Control and Prevention,0.2200080590536361
os,0.22930858750012667
nih,0.32408447062148527
