feature,mean_importance
acl,0.0
samhsa,0.026827492966126344
ahrq,0.04208704943371724
Centers for Disease Control and Prevention,0.08159157623955453
acf,0.09738973203180026
os,0.15294843482740783
aspr,0.1607422218633162
ihs,0.21179204153662576
hrsa,0.2700373594638739
Food and Drug Administration,0.2937752270208168
Centers for Medicare and Medicaid Services,0.36167108711020673
nih,0.40742145949911723
