feature,mean_importance
Centers for Disease Control and Prevention,118.8010248448958
nih,148.50083554132135
Food and Drug Administration,254.8188794039599
aspr,269.63943523888815
ihs,699.3934534136528
os,2069.499975040996
acf,2193.90636231335
samhsa,6979.3802249677055
acl,43743.22497784687
ahrq,84311.98779515932
hrsa,127983.8587172936
Centers for Medicare and Medicaid Services,183952.1014240128
