feature,weight
intercept,1.6230293938460203e-15
acf,23.437574435749497
acl,-100.72511530453168
ahrq,141.05224918988452
aspr,-5.736118634460363
Centers for Disease Control and Prevention,5.355735153189148
Centers for Medicare and Medicaid Services,-207.6553341553614
Food and Drug Administration,-6.597586835695257
hrsa,174.2150429993405
ihs,-12.93891294178168
nih,6.059945999655707
os,20.892977181555096
samhsa,-39.447612714135246
