target,prediction
5380.999999999999,-0.8109999947935946
35073.999999999985,5551.738189173844
86975.00000000004,12381281183.136036
758.0000000000002,23126.532136662074
1045.0000000000002,-0.8109999999999999
14.999999999999996,0.4926367602800976
