target,prediction
2151.0000000000005,267.98226382549717
137.00000000000006,267.98226382549717
42.0,267.98226382549717
14049.999999999996,267.98226382549717
67.00000000000001,267.98226382549717
114.99999999999999,267.98226382549717
