target,prediction
336.99999999999994,188.00798011704205
2515.0,188.00798011704205
2151.0000000000005,188.00798011704205
0.1799999999999996,188.00798011704205
114.99999999999999,188.00798011704205
0.27000000000000013,188.00798011704205
