feature,mean_importance
nih,-0.17678577729771422
acf,-0.08386218637935414
hrsa,-0.036488669661874785
acl,0.04770050056967543
ahrq,0.0654021685779079
samhsa,0.1337455892408946
ihs,0.15203031565043146
Centers for Medicare and Medicaid Services,0.32479819602710747
Food and Drug Administration,0.550527737345951
Centers for Disease Control and Prevention,0.6606519743498697
os,0.7645170131829269
aspr,1.9232141708949317
