target,prediction
0.5969999999999995,1532.3407235819122
0.403,1535.3187367002472
86975.00000000001,18152.423497832155
62.00000000000001,1568.412034893033
0.403,1532.638087500051
757.9999999999999,1243.523456502794
