feature,mean_importance
aspr,0.0
samhsa,0.03792659040538142
acl,0.04319691802512402
Centers for Medicare and Medicaid Services,0.054324442777083704
hrsa,0.05678980084797684
ahrq,0.058307684283736005
nih,0.09219711539530709
os,0.10763825410115765
acf,0.12936259846726839
ihs,0.12961345061326845
Food and Drug Administration,0.20842444308451666
Centers for Disease Control and Prevention,0.35078808653314847
