feature,mean_importance
Centers for Medicare and Medicaid Services,0.015069078911082645
samhsa,0.04130248274200317
acl,0.042045186842485684
ahrq,0.057937010780033035
aspr,0.08159750287477126
os,0.08374658660822645
acf,0.09602421182503171
hrsa,0.10178061501546258
ihs,0.10368193177553206
nih,0.10421546596776503
Food and Drug Administration,0.19897845634326977
Centers for Disease Control and Prevention,0.20864003534180092
