feature,mean_importance
ahrq,0.020246115011027445
Centers for Medicare and Medicaid Services,0.025005642279628627
acl,0.025078482360300924
acf,0.04677438599290591
aspr,0.06177759820941446
hrsa,0.07522510548077181
samhsa,0.07697867612841428
os,0.11272923071842426
nih,0.11700854577912354
ihs,0.12734418766039846
Food and Drug Administration,0.2213600133650851
Centers for Disease Control and Prevention,0.22377265200474442
