feature,mean_importance
Centers for Medicare and Medicaid Services,0.02246145142679983
acl,0.03635483642282109
samhsa,0.044394367196263926
ahrq,0.053461106661613876
hrsa,0.07712968926727855
ihs,0.09503308828079579
nih,0.0965317081892854
os,0.10782306343358114
aspr,0.12327752784508528
acf,0.13358594960037018
Food and Drug Administration,0.16366876303051744
Centers for Disease Control and Prevention,0.1697399968535597
