feature,mean_importance
ahrq,0.01553460541238123
Centers for Medicare and Medicaid Services,0.03756607684276521
acl,0.04527015576908204
samhsa,0.05062964437001401
aspr,0.07325604309662688
os,0.0802527300384265
acf,0.08941156931751806
nih,0.09421812774889995
hrsa,0.09828089893502501
ihs,0.13025676886191134
Centers for Disease Control and Prevention,0.16712371175020285
Food and Drug Administration,0.2492622155486394
