feature,mean_importance
ahrq,0.14941931639184636
acl,0.2810463954577615
samhsa,0.3315713980724815
Centers for Medicare and Medicaid Services,0.7776024978362794
Centers for Disease Control and Prevention,0.7866998193805015
hrsa,1.013440732725126
os,1.0390045394870246
acf,1.2466756175685454
nih,2.1734992770588697
Food and Drug Administration,2.5016387621856433
ihs,3.1339025484855867
aspr,4.820366121737865
