feature,mean_importance
samhsa,0.08061333197117704
ahrq,0.12024175936770545
acl,0.1457770398250039
acf,0.4650245013953479
Centers for Medicare and Medicaid Services,0.5172273100419789
os,0.6646878649223672
hrsa,0.6684127956299498
Centers for Disease Control and Prevention,0.7232696564100223
Food and Drug Administration,1.666484862901886
nih,1.8245540262730386
ihs,2.413312501592482
aspr,4.8325447396320795
