feature,mean_importance
samhsa,0.2187822171222483
os,0.752521163309843
ahrq,0.7751823356112331
acl,1.0775136597040218
Centers for Disease Control and Prevention,1.3653507214480354
hrsa,1.5690624506426856
Centers for Medicare and Medicaid Services,1.7483183854195563
acf,2.642151393779114
Food and Drug Administration,3.185873898373004
ihs,3.375709065996787
nih,3.564540229690595
aspr,5.2326451811039005
