feature,mean_importance
acl,0.6934400045029168
ahrq,0.7441079812963931
samhsa,0.8268981175158082
Centers for Disease Control and Prevention,0.9839930743063914
hrsa,1.0583793043567549
os,1.1534124965289991
Centers for Medicare and Medicaid Services,1.4921072199914438
acf,1.5665754528264157
ihs,3.037851706556573
Food and Drug Administration,3.0833779662253633
nih,3.3157924847206637
aspr,4.8503808659537215
