feature,mean_importance
acl,0.0560258077390019
ahrq,0.22691773451653474
samhsa,0.4528815341626545
Centers for Disease Control and Prevention,1.110958493959255
os,1.8312857653174635
Centers for Medicare and Medicaid Services,1.849954010607758
hrsa,2.0159048509004154
acf,2.167651219028988
Food and Drug Administration,3.355917634421336
ihs,3.609373301970881
nih,3.7777117780856635
aspr,5.620261239518603
