feature,mean_importance
ahrq,0.00030643249949111685
Centers for Medicare and Medicaid Services,0.0008363143615046665
samhsa,0.0009100855906883195
acf,0.0028410716457284513
acl,0.002960469878623047
ihs,0.0075694031820018135
os,0.008935952544133431
hrsa,0.009485250314441421
Centers for Disease Control and Prevention,0.011291346963055619
Food and Drug Administration,0.03280693570928202
nih,0.043247114651605204
aspr,0.3555531101079822
