feature,mean_importance
ahrq,0.0004529407928751043
Centers for Medicare and Medicaid Services,0.001274522622597914
samhsa,0.002066829805339069
acl,0.002808225406477098
acf,0.0034465682840747426
ihs,0.005451687771448657
hrsa,0.008470553213432588
os,0.010553745988892986
Centers for Disease Control and Prevention,0.013850284976724383
nih,0.024281374411544505
Food and Drug Administration,0.05544437609414219
aspr,0.26173312206401167
