feature,mean_importance
ahrq,0.00035751113523991017
Centers for Medicare and Medicaid Services,0.0013099885095508527
samhsa,0.002815075005070591
acf,0.0029384538044762614
acl,0.004298816985007401
ihs,0.004959245416162373
Centers for Disease Control and Prevention,0.009787563437825653
os,0.009953196721200704
hrsa,0.012788114997058666
Food and Drug Administration,0.027143951433810203
nih,0.04401028065425085
aspr,0.26476929565293333
