feature,mean_importance
ahrq,0.00038365581524549253
Centers for Medicare and Medicaid Services,0.000961227591575318
samhsa,0.0020628030978927757
acl,0.0031540691201996976
os,0.0048764629347586115
acf,0.005811937888089511
ihs,0.006974738965487742
hrsa,0.007753043652607446
nih,0.013889757568082245
Centers for Disease Control and Prevention,0.014388267357697434
Food and Drug Administration,0.06882248090912604
aspr,0.27297090567029186
