feature,mean_importance
ahrq,0.00026178997393498356
samhsa,0.0017291720583776158
Centers for Medicare and Medicaid Services,0.0019358928548538982
acf,0.0019921023498378166
acl,0.0030580819953366445
hrsa,0.006324803641211488
ihs,0.00701094954244918
Centers for Disease Control and Prevention,0.008427810454403517
os,0.010866322929894328
nih,0.027589695574878052
Food and Drug Administration,0.03398171232939501
aspr,0.28560506143968645
