target,prediction
5380.999999999999,148.63528
35073.999999999985,11033.38
86975.00000000004,11033.38
758.0000000000002,449.10474
1045.0000000000002,5844.433
14.999999999999996,148.63528
