feature,shap_importance
staff_involved,13.944467
acf,8.418924
fda,7.5701594
cdc,4.8331695
nih,3.5140789
ihs,3.40736
os,3.343087
hrsa,1.8765005
acl,1.8585128
aspr,1.7865804
cms,0.5149347
samhsa,0.24266757
ahrq,0.0
