feature,mean_importance
ahrq,0.0
samhsa,0.0007621340963401308
cms,0.0017000831193045587
aspr,0.08989626351940003
ihs,0.14773750961611146
hrsa,0.14830437476697722
acl,0.15616908542419733
os,0.1824090983993129
nih,0.20010753880598045
cdc,0.3429470035276915
fda,0.4757507180500971
acf,0.8381074384443069
staff_involved,1.2636203999111526
