target,prediction
5380.999999999999,557.7069242206701
35073.999999999985,557.7069242206701
86975.00000000004,557.7069242206701
758.0000000000002,557.7069242206701
1045.0000000000002,557.7069242206701
14.999999999999996,557.7069242206701
