feature,mean_importance
acl,0.03071540789293996
ahrq,0.03576512026385163
os,0.05422207565588666
Centers for Medicare and Medicaid Services,0.05493676867678769
Centers for Disease Control and Prevention,0.0625137736761451
aspr,0.09422346434318847
samhsa,0.16118321095027066
hrsa,0.1629157312267723
nih,0.1979191442524375
ihs,0.2271572086724903
acf,0.2300875161795298
Food and Drug Administration,0.27986252876672396
