feature,mean_importance
Centers for Medicare and Medicaid Services,4.4408920985006264e-17
acl,0.02487266006058868
ahrq,0.03459696159374457
os,0.04991729315524109
nih,0.0560418588368405
samhsa,0.12891203866971562
Centers for Disease Control and Prevention,0.13772710006972919
aspr,0.14887384761229822
Food and Drug Administration,0.1945316449033508
hrsa,0.221776670354297
ihs,0.23381608401596968
acf,0.43922087429667805
