feature,mean_importance
acl,0.0
ahrq,0.0182636895712013
Centers for Medicare and Medicaid Services,0.08803379710990308
acf,0.09502898434881706
samhsa,0.10171307762319373
nih,0.11271474908081816
os,0.14831474957088644
Centers for Disease Control and Prevention,0.180519296430015
hrsa,0.19010857584730717
Food and Drug Administration,0.203349969997356
ihs,0.21708288047894714
aspr,0.2374381683824546
