feature,mean_importance
acl,-1.3322676295501878e-16
ahrq,0.05400652317201895
Food and Drug Administration,0.07494544061282271
ihs,0.08007687436190447
hrsa,0.08125698972354423
aspr,0.15817253557362299
acf,0.16013407621533188
os,0.17021146800700776
Centers for Disease Control and Prevention,0.1944346114343301
Centers for Medicare and Medicaid Services,0.19932787377553965
nih,0.22526974696243496
samhsa,0.2455421981678377
