feature,mean_importance
acl,0.0
ahrq,8.881784197001253e-17
os,0.038920312577799085
aspr,0.04383034985226582
hrsa,0.06359038689056855
acf,0.08474848729577414
Centers for Disease Control and Prevention,0.1446239606310034
samhsa,0.1610063374071126
nih,0.2082569578414915
ihs,0.2183680862810249
Food and Drug Administration,0.30947086155336234
Centers for Medicare and Medicaid Services,0.38518989707200185
