target,prediction
5381.0,10237.0
35074.0,35074.0
86975.0,76738.0
758.0,192.949625
1045.0,3397.3333333333335
15.0,192.949625
