feature,mean_importance
Centers for Medicare and Medicaid Services,-4.4408920985006264e-17
samhsa,-2.2204460492503132e-17
acl,0.026182496649195808
acf,0.050138292605420465
nih,0.06900306512840441
ahrq,0.07789152995542928
os,0.18796391249701566
hrsa,0.19896279590142407
aspr,0.24720282145170155
Centers for Disease Control and Prevention,0.38405945745428927
Food and Drug Administration,0.9371510823695137
ihs,1.1175699375870027
