feature,mean_importance
Centers for Medicare and Medicaid Services,0.029685426159552986
acf,0.04143093306240771
hrsa,0.042230050884726575
acl,0.08807415968922061
samhsa,0.09153605867601944
nih,0.14113113999588783
ahrq,0.15017697711348488
aspr,0.18360301862747833
ihs,0.19663285933987415
os,0.25488182316242
Food and Drug Administration,0.28646830461629713
Centers for Disease Control and Prevention,0.5382612980497437
