feature,mean_importance
acf,0.0
ahrq,0.0
samhsa,0.0
acl,0.09254151416926884
nih,0.11307622162987199
Centers for Medicare and Medicaid Services,0.15657035328107696
hrsa,0.17727990943694377
os,0.2716169496374809
ihs,0.9467423292453059
Food and Drug Administration,2.388572166215126
aspr,3.12437255494471
Centers for Disease Control and Prevention,3.1469897282899595
