feature,mean_importance
acf,0.0
ahrq,0.0
hrsa,0.0
samhsa,0.0
nih,0.06497331627770937
Centers for Medicare and Medicaid Services,0.06775704290650512
acl,0.14831390711640693
ihs,0.5278372648522245
Food and Drug Administration,1.2722006404512118
os,3.1918666250271994
Centers for Disease Control and Prevention,3.6165967474850227
aspr,4.204631199946941
