feature,mean_importance
ahrq,0.0
nih,0.0
samhsa,0.0
acf,0.05074954444211623
Centers for Medicare and Medicaid Services,0.16982549458411578
acl,0.17740831593247014
Food and Drug Administration,0.20689290062234403
hrsa,0.24777887131477944
ihs,0.9521599256294244
os,1.8317725726562941
aspr,2.2956827580798405
Centers for Disease Control and Prevention,2.680732364452184
