target,prediction
337.0,2619.79375
2515.0,2619.79375
2151.0,2619.79375
0.18,2619.79375
115.0,2619.79375
0.27,2619.79375
