feature,mean_importance
ahrq,0.0005193180386326485
Centers for Medicare and Medicaid Services,0.0005575671251301092
acl,0.0006157646678898135
samhsa,0.0008184964569485327
ihs,0.003375539077659634
acf,0.007874346395907983
hrsa,0.012165333406781335
os,0.018344618841259847
Food and Drug Administration,0.028119231730569738
Centers for Disease Control and Prevention,0.029115047121933635
nih,0.04454517879706483
aspr,0.231033860087256
