feature,mean_importance
ahrq,0.00033248308331210093
Centers for Medicare and Medicaid Services,0.0006268848298033759
acl,0.0006618941514867617
ihs,0.0021211014733469556
samhsa,0.00240750802223878
acf,0.00635063883191319
hrsa,0.01165369328687447
Food and Drug Administration,0.023673919290644142
Centers for Disease Control and Prevention,0.037517115741734344
os,0.04016174214339524
nih,0.052219021245358835
aspr,0.31781280440029647
