feature,mean_importance
ahrq,0.0004369032041072264
acl,0.0005961152497385476
Centers for Medicare and Medicaid Services,0.0006865911397046807
samhsa,0.001856823128852772
ihs,0.0023868860311194156
acf,0.007035321548564644
hrsa,0.00909295355913482
os,0.026485145676988786
Food and Drug Administration,0.0322954481579614
Centers for Disease Control and Prevention,0.03388488251877586
nih,0.04664620272401162
aspr,0.22764482720795112
