feature,mean_importance
Centers for Medicare and Medicaid Services,0.0005697921494459661
ahrq,0.000576746194934125
acl,0.000610038499150631
samhsa,0.001337321102292653
ihs,0.0035063756270200504
acf,0.008574004071055408
hrsa,0.01069043323212599
os,0.017635239433407317
Food and Drug Administration,0.03083575359429893
Centers for Disease Control and Prevention,0.03562036866239797
nih,0.049525994485916415
aspr,0.24404464696486441
