feature,mean_importance
ahrq,0.00034978297495667267
Centers for Medicare and Medicaid Services,0.0005064650859887013
acl,0.0007128363162607423
samhsa,0.0014561347874286962
ihs,0.0033872224319164814
acf,0.00871574339785137
hrsa,0.011698268459973033
os,0.017517621761577683
Food and Drug Administration,0.03624933809644017
Centers for Disease Control and Prevention,0.04141222587396734
nih,0.041851413866589846
aspr,0.18007778663630988
