target,prediction
5381.0,11605.3498125
35074.0,11605.3498125
86975.0,11605.3498125
758.0,11605.3498125
1045.0,11605.3498125
15.0,11605.3498125
