feature,mean_importance
ahrq,0.00043497869888783674
acl,0.0011786012709274819
acf,0.0022156343441836245
os,0.0044831444580969
hrsa,0.004502418990611418
samhsa,0.004788884034421327
Centers for Medicare and Medicaid Services,0.005015137421090414
Food and Drug Administration,0.0074896242575620805
ihs,0.011048809664897501
Centers for Disease Control and Prevention,0.04640214617998108
nih,0.08105374532417965
aspr,0.2034641284272504
