feature,mean_importance
ahrq,0.0002792313553003071
acl,0.0018351383675273922
samhsa,0.0030246434877364984
Centers for Medicare and Medicaid Services,0.0032444796809207943
acf,0.0035689795563554868
Food and Drug Administration,0.004636928263140853
os,0.004838332358698126
hrsa,0.007853933890243952
ihs,0.01070737655363386
Centers for Disease Control and Prevention,0.02699456898434418
nih,0.09662907363378867
aspr,0.2869691703364812
