feature,mean_importance
ahrq,0.0002898448038589116
acl,0.0011970670881924922
acf,0.002838873701657962
os,0.0034131156414687717
samhsa,0.004088572389165573
Centers for Medicare and Medicaid Services,0.005036993422145076
Food and Drug Administration,0.005396879355551368
hrsa,0.005453678733881339
ihs,0.02570124163524797
Centers for Disease Control and Prevention,0.03307780909313161
nih,0.06575961413157007
aspr,0.2208469251484111
