feature,mean_importance
ahrq,0.00029059598686060495
samhsa,0.0016022983584057199
acl,0.0017169895174817301
acf,0.002817962289854281
os,0.0035467535388299847
Centers for Medicare and Medicaid Services,0.0040451699407542474
Food and Drug Administration,0.005822091080474978
hrsa,0.007670018174475668
ihs,0.012154623562937759
Centers for Disease Control and Prevention,0.03684352931472727
nih,0.05050181053121753
aspr,0.38322957582440564
