feature,mean_importance
ahrq,0.00045102076670105903
acl,0.0013618539669420493
os,0.0029564460864590866
samhsa,0.003106258821671115
acf,0.00322322638756121
Food and Drug Administration,0.003905550199548168
Centers for Medicare and Medicaid Services,0.004547975304017806
hrsa,0.006018539159283752
ihs,0.014800388477179127
Centers for Disease Control and Prevention,0.0341323762154832
nih,0.0642983029636879
aspr,0.2813197683722121
