target,prediction
0.597,15399.4626875
0.12,15399.4626875
86975.0,15399.4626875
62.0,15399.4626875
0.189,15399.4626875
758.0,15399.4626875
