feature,mean_importance
ahrq,0.025263053178787232
hrsa,0.05094633609056472
Centers for Medicare and Medicaid Services,0.05163909435272216
samhsa,0.08064885675907135
ihs,0.0831213005259633
nih,0.13841391883790494
acl,0.1678056527674198
os,0.2386770514026284
Centers for Disease Control and Prevention,0.3318862909823656
Food and Drug Administration,0.4213854950666427
aspr,0.5124946267902851
acf,0.7936583926156164
