feature,mean_importance
ahrq,0.023915406316518763
hrsa,0.04501547623425721
Centers for Medicare and Medicaid Services,0.05045341670513152
samhsa,0.08585098959505558
ihs,0.08892017591744661
nih,0.14042345568537712
acl,0.16872815091162918
os,0.2383803885057568
Centers for Disease Control and Prevention,0.3335077741742134
Food and Drug Administration,0.4348140674456954
aspr,0.4959835533797742
acf,0.8101022125780583
