feature,mean_importance
ahrq,0.024888184331357466
Centers for Medicare and Medicaid Services,0.04586790241301057
hrsa,0.05480565033853052
ihs,0.08880160577595234
samhsa,0.0900198759511113
nih,0.13372715685516595
acl,0.16660209760069847
os,0.2405399927124381
Centers for Disease Control and Prevention,0.33659991852939125
Food and Drug Administration,0.43722629573196164
aspr,0.5177400011569262
acf,0.7803753709420562
