feature,mean_importance
ahrq,0.0001528606563806517
Centers for Medicare and Medicaid Services,0.003435038719326254
samhsa,0.010851882165297864
ihs,0.06517795509658755
hrsa,0.16500862693414092
acl,0.3343601415026933
nih,0.36443932902067894
os,0.4464471741020679
Centers for Disease Control and Prevention,0.5015738537255674
aspr,0.5592886450281366
Food and Drug Administration,0.7124270509555937
acf,1.4685395607911051
