feature,mean_importance
aspr,9.213217733223708
Food and Drug Administration,11.138539309834123
nih,100.13812985220044
Centers for Disease Control and Prevention,262.68112288939426
ihs,533.5923429066055
os,1617.4379782992178
acf,3587.8102845200424
ahrq,6915.968811513919
acl,8358.05532700841
samhsa,13507.34678384877
Centers for Medicare and Medicaid Services,52798.15362478123
hrsa,61891.33546901176
