feature,weight
intercept,-1.2788129806266682e-14
acf,30.291674691539438
acl,-48.27571714268868
ahrq,-44.648428667777424
aspr,-1.139455708409816
Centers for Disease Control and Prevention,-6.394773270322096
Centers for Medicare and Medicaid Services,112.42507073167572
Food and Drug Administration,2.236914915345796
hrsa,-121.01638050871965
ihs,-13.626405569387368
nih,4.832572455042408
os,19.04572703701968
samhsa,62.98964692427839
