target,prediction
0.5969999999999995,12.680631145507816
0.403,19.333592078300796
86975.00000000001,69322067.01455994
62.00000000000001,3.024051549354083
0.403,16.349944242726902
757.9999999999999,3.121166343014563
