feature,mean_importance
samhsa,0.41518023279538846
ahrq,0.4725345762386922
Centers for Medicare and Medicaid Services,0.6619647390168166
acf,0.6709718584663832
acl,0.698959790461257
Centers for Disease Control and Prevention,0.7855447353738915
Food and Drug Administration,1.2474526353834154
os,1.3834077520963663
hrsa,1.3967968873623982
nih,2.2018990492189863
ihs,3.4913307495809556
aspr,4.212990824911769
