feature,mean_importance
samhsa,0.3088935852850617
Centers for Medicare and Medicaid Services,0.4492180163518002
Centers for Disease Control and Prevention,0.45650534366428913
acl,0.46096809583798465
ahrq,0.49492533934306787
acf,0.6476786928663595
hrsa,1.0915911369930786
Food and Drug Administration,1.4546238880012088
os,1.5369536495666976
ihs,3.2033674303062343
nih,3.337584988916815
aspr,5.008434980506086
