feature,mean_importance
acf,0.6217316691202213
Food and Drug Administration,1.014498389816575
samhsa,1.2211659282661853
acl,1.2855862698998943
Centers for Disease Control and Prevention,1.4928552595460811
ahrq,1.5003372026200865
Centers for Medicare and Medicaid Services,1.5531799734794178
os,1.6896479913564932
hrsa,1.961355806196901
nih,2.467206794969019
ihs,3.731160931678727
aspr,4.310934148607798
