feature,mean_importance
samhsa,0.1814120791251012
acf,0.19221974934595779
acl,0.21731904814148634
ahrq,0.24693588402848973
Centers for Disease Control and Prevention,0.35143090704409147
nih,0.5216859072174426
Food and Drug Administration,0.7412246208418682
Centers for Medicare and Medicaid Services,0.8691873504939929
os,1.2495889362212458
hrsa,1.4266231712049136
ihs,2.4890965120933366
aspr,4.034647459225747
