feature,mean_importance
acl,0.16104367247697673
nih,0.23718949887306526
Centers for Disease Control and Prevention,0.3550069365071867
acf,0.3604484753883056
ahrq,0.39011438168325663
samhsa,0.39523986664634625
Food and Drug Administration,0.8622240172573863
Centers for Medicare and Medicaid Services,1.0317296356972454
hrsa,1.2684594515394259
os,1.4267825607458415
ihs,3.0703040784846922
aspr,4.143836837495752
