feature,mean_importance
acl,-0.12010452859127434
Centers for Medicare and Medicaid Services,-0.04367865189081259
aspr,-0.0009975982586223787
ahrq,0.0
samhsa,0.0
ihs,5.5010215143003195e-05
hrsa,0.0004545830918475602
Food and Drug Administration,0.0006778603829226349
nih,0.0035637343376498263
acf,0.15432424318807486
Centers for Disease Control and Prevention,0.4553148016761135
os,0.8170921587267828
