target,prediction
0.5969999999999995,70.00956
0.403,78.51536
86975.00000000001,76451.38
62.00000000000001,217.72804
0.403,78.51536
757.9999999999999,249.26015
