feature,mean_importance
Centers for Medicare and Medicaid Services,0.0
nih,0.040736155549649156
acl,0.06443112787698997
samhsa,0.09897438517226072
ahrq,0.10501224204590257
hrsa,0.15193885811351163
aspr,0.17309565695494286
os,0.20598293012476793
acf,0.22842839509527585
Food and Drug Administration,0.23402780414273602
Centers for Disease Control and Prevention,0.2570966051401124
ihs,0.36143034727246287
