feature,mean_importance
acl,0.028488566320927243
Centers for Medicare and Medicaid Services,0.032223418085816725
ahrq,0.050684615425826716
samhsa,0.09568065013783178
hrsa,0.10038125505995281
os,0.11509529792390479
acf,0.11731970379818968
aspr,0.17475741895570224
nih,0.18142894276318575
ihs,0.1956043641803073
Centers for Disease Control and Prevention,0.20774395045838637
Food and Drug Administration,0.2913125935828107
