feature,mean_importance
Centers for Medicare and Medicaid Services,0.030055131286675453
acl,0.04183537331692233
ahrq,0.049636268211722
os,0.11585100359145413
hrsa,0.11683254580088087
samhsa,0.11889247766491144
aspr,0.12025560633849128
acf,0.13939651492806943
ihs,0.1607949790372518
nih,0.23209043119494752
Centers for Disease Control and Prevention,0.24813931303472975
Food and Drug Administration,0.25495509256922394
