feature,mean_importance
Centers for Medicare and Medicaid Services,0.044147363710790956
ahrq,0.04910327572467088
acl,0.07491158535958413
samhsa,0.07926320325387268
hrsa,0.09327129212968899
acf,0.09643033979694253
os,0.125822558601658
aspr,0.1610560076087966
Centers for Disease Control and Prevention,0.1785451764791834
nih,0.19661708846369005
ihs,0.20557683924090825
Food and Drug Administration,0.28840322914115224
