feature,mean_importance
acl,0.027968845112314122
Centers for Medicare and Medicaid Services,0.03597748231418123
hrsa,0.06386328686191137
samhsa,0.09134975821008037
acf,0.10791181424902521
os,0.12486305590156674
ahrq,0.13070538133934967
ihs,0.13828539375009163
nih,0.1460768657670208
aspr,0.18756043695086955
Centers for Disease Control and Prevention,0.24108803260155148
Food and Drug Administration,0.27358040354095003
