feature,mean_importance
ahrq,0.18369644213661016
samhsa,0.1892885403010336
Centers for Disease Control and Prevention,0.25657530887803226
acl,0.2817440368179116
acf,0.282681771506274
nih,0.33417533806180205
Food and Drug Administration,1.1769982210160168
os,1.9694422997493064
Centers for Medicare and Medicaid Services,2.062526738548231
hrsa,2.358406881563234
ihs,3.2534995308720673
aspr,5.257473332637256
