feature,mean_importance
Centers for Disease Control and Prevention,0.15183588674793808
acf,0.3428360123310618
nih,0.5126445006125603
samhsa,0.6170671361283354
ahrq,0.7958722459098841
os,0.8853017532307762
Food and Drug Administration,0.891314288990328
Centers for Medicare and Medicaid Services,0.8969285839074971
acl,0.9890819632543311
hrsa,1.1521552447248744
ihs,3.1639433381643123
aspr,3.5319684510865628
