feature,mean_importance
samhsa,0.06407114591945189
ahrq,0.18563025958280077
Centers for Medicare and Medicaid Services,0.23382925732366305
acf,0.33909517517216325
acl,0.3880148350493467
nih,0.8492711501264008
hrsa,1.0834364381762245
Centers for Disease Control and Prevention,1.3665235216310685
os,1.7978368720520979
Food and Drug Administration,1.849142107608229
ihs,2.801114590637905
aspr,5.289220409909217
