feature,mean_importance
samhsa,0.02400130857078031
ahrq,0.2474813674231692
acf,0.2546894196655957
nih,0.4146510545069403
acl,0.4233245661273227
Centers for Medicare and Medicaid Services,0.7488378194362741
os,0.992842625540977
Centers for Disease Control and Prevention,1.2470530433775207
hrsa,1.397063714880007
Food and Drug Administration,1.9576523998664412
ihs,2.60964697975278
aspr,5.5065790296412915
