feature,mean_importance
acl,0.24757146334704666
acf,0.2607095233172184
samhsa,0.31368728563710946
ahrq,0.4643152536926502
nih,0.5184549789594624
Centers for Disease Control and Prevention,0.6400320836149589
Centers for Medicare and Medicaid Services,0.7270222712161288
Food and Drug Administration,1.0398616454992615
hrsa,1.563631131666344
os,1.711036601402263
ihs,2.607839247844119
aspr,3.3839875221898517
