feature,mean_importance
ahrq,0.00069177011162957
Centers for Medicare and Medicaid Services,0.0008441392123593995
acl,0.001255425118596956
ihs,0.001725842261437112
samhsa,0.002253731662876276
acf,0.002622687692657044
hrsa,0.015104667487120384
Food and Drug Administration,0.017027669271256818
os,0.046648249463581044
Centers for Disease Control and Prevention,0.06009654655314348
nih,0.066651290450736
aspr,0.17740237598300856
