feature,mean_importance
ahrq,0.00038767425995465764
Centers for Medicare and Medicaid Services,0.0011095326227621787
acf,0.0022323574403264636
acl,0.0026439531658045434
hrsa,0.0048355826314742684
samhsa,0.005180076933131149
ihs,0.0075086106609961335
os,0.012056695791927285
nih,0.018296047258411132
Centers for Disease Control and Prevention,0.02649336697838578
Food and Drug Administration,0.027466215100248888
aspr,0.30916587247762733
