feature,mean_importance
ahrq,0.00040096722896858846
Centers for Medicare and Medicaid Services,0.0005829147160634305
acl,0.0009955585420473663
ihs,0.0024384217410661256
samhsa,0.003241954718783783
acf,0.004652351176978533
hrsa,0.01296592615190279
nih,0.0216011137036347
os,0.03511655635852599
Centers for Disease Control and Prevention,0.042054284172926414
Food and Drug Administration,0.05083874970565925
aspr,0.15259960197560593
