feature,mean_importance
ahrq,0.00021923934623975066
Centers for Medicare and Medicaid Services,0.000710489720064534
acl,0.0019360523193618113
ihs,0.003100491748471017
acf,0.0042344885325325925
samhsa,0.004463340743138818
hrsa,0.008725813196461624
os,0.023023686839321978
Food and Drug Administration,0.02376146856297371
nih,0.03162743086080691
Centers for Disease Control and Prevention,0.06687088218509325
aspr,0.22434206232070375
