feature,mean_importance
ahrq,0.0003045913561947776
Centers for Medicare and Medicaid Services,0.0008392689223382822
ihs,0.0015594082127536207
acl,0.0021055983266386694
samhsa,0.002591848970419978
acf,0.006529666022603217
Food and Drug Administration,0.01673143535127944
hrsa,0.01773524211001452
os,0.02612153277240973
Centers for Disease Control and Prevention,0.032748693368993956
nih,0.08928386696126774
aspr,0.1272819110805763
