feature,mean_importance
acl,0.11798894966662352
ahrq,0.17305602848743945
os,0.2272553632983369
nih,0.4061218420496412
samhsa,0.4740204613715961
hrsa,0.5649795588094577
Centers for Medicare and Medicaid Services,0.6032671626381341
acf,1.15879619923147
Centers for Disease Control and Prevention,1.3072602378644467
Food and Drug Administration,1.5727563969623222
ihs,2.2053438265953824
aspr,3.509138706033646
