feature,mean_importance
acl,0.06803104992553091
samhsa,0.10517851497514355
ahrq,0.11984104364161423
os,0.14860174475580443
nih,0.22957410649272636
Centers for Medicare and Medicaid Services,0.2769494680485269
hrsa,0.2988876643822564
Centers for Disease Control and Prevention,0.4730852124944393
acf,0.5224175424833126
Food and Drug Administration,0.6665680985068664
ihs,1.1090004509077518
aspr,1.9392053190616223
