feature,mean_importance
acl,0.4115813651943995
os,0.43564345460341897
ahrq,0.49809727557425465
hrsa,0.7210415232386469
samhsa,0.7743310791583732
Centers for Medicare and Medicaid Services,0.8798422088703765
acf,1.7232810454767151
Centers for Disease Control and Prevention,1.9846038123979592
Food and Drug Administration,2.2709808484189162
ihs,2.7320047845659943
nih,2.9580257975453756
aspr,4.0300069361901105
