feature,mean_importance
acl,0.07007990154605737
os,0.1115840522943515
ahrq,0.11179293752699686
samhsa,0.11478133292838182
hrsa,0.14534401837915917
nih,0.15911734007888195
Centers for Medicare and Medicaid Services,0.18518768009689449
Centers for Disease Control and Prevention,0.2405587036289904
acf,0.31440502418199956
Food and Drug Administration,0.4970790131289851
ihs,0.8324168965867141
aspr,1.247110056314923
