feature,mean_importance
acl,0.10004309401944514
ahrq,0.11047841422852707
samhsa,0.1243506097863952
os,0.2554375728723034
nih,0.29763731006951966
hrsa,0.5317466089266978
Centers for Medicare and Medicaid Services,0.5446185444878733
Centers for Disease Control and Prevention,0.8221302090363624
acf,0.8691718812365596
Food and Drug Administration,1.289421030897349
ihs,1.5611721064662603
aspr,3.020977723069218
