feature,mean_importance
samhsa,0.013181876649907354
ahrq,0.04316347982547426
ihs,0.09990614054765316
os,0.12027380465475068
acf,0.12104490951552975
Centers for Medicare and Medicaid Services,0.1267336057484151
Food and Drug Administration,0.13016383443050672
acl,0.13735282869432855
Centers for Disease Control and Prevention,0.14756799898851317
hrsa,0.1536318269189186
nih,0.21498537838907178
aspr,0.25283313353884845
