feature,mean_importance
hrsa,0.0
Food and Drug Administration,0.02754485573410248
ahrq,0.10059198551448793
acl,0.11362768823676435
aspr,0.11883245526719781
ihs,0.11943407464094338
os,0.14197500308665023
Centers for Medicare and Medicaid Services,0.1625909105133509
samhsa,0.19480288174230198
Centers for Disease Control and Prevention,0.24704841932362828
acf,0.2825117529491018
nih,0.41719647599427356
