feature,mean_importance
ahrq,0.051989067172836065
acl,0.05894804915677905
Centers for Medicare and Medicaid Services,0.07533234493923233
samhsa,0.08784943801299323
acf,0.08871521310183876
ihs,0.09848897203271387
aspr,0.10405913439712924
os,0.11313394018435101
hrsa,0.11646078189392192
nih,0.18380315581680956
Food and Drug Administration,0.1941304186387737
Centers for Disease Control and Prevention,0.21086140236433054
