feature,mean_importance
acl,0.0
os,0.03530968115269695
ahrq,0.08217331575166428
hrsa,0.09180354290633219
aspr,0.11388405218451965
Centers for Medicare and Medicaid Services,0.11975107197659444
Centers for Disease Control and Prevention,0.14134181314603594
Food and Drug Administration,0.17727845617828047
samhsa,0.20546179944751414
acf,0.2979109081936411
ihs,0.46351163834214776
nih,0.5050849796180005
