feature,mean_importance
ahrq,0.03953334898560943
acf,0.0501461268524229
acl,0.05056220100432043
samhsa,0.059793925914459665
hrsa,0.08570207217191883
Centers for Medicare and Medicaid Services,0.11281626775251699
Food and Drug Administration,0.11422758312337593
aspr,0.1225235685721974
ihs,0.13690017596442713
Centers for Disease Control and Prevention,0.19316530992573439
os,0.20501037260980307
nih,0.23273223539842255
