feature,mean_importance
ahrq,0.000391242926832324
acl,0.0010757663435792355
ihs,0.00143890983767808
Centers for Medicare and Medicaid Services,0.001835853412833801
samhsa,0.0023352005488269014
acf,0.0058643137254290965
hrsa,0.009998862906755843
Food and Drug Administration,0.017569135455326963
Centers for Disease Control and Prevention,0.02199491699334403
os,0.023188677882686408
nih,0.05037704354264407
aspr,0.17224525926454964
