feature,mean_importance
ahrq,0.0002766544937144722
samhsa,0.0013139151965235053
Centers for Medicare and Medicaid Services,0.0015680202604706004
acl,0.00216983495528232
ihs,0.002977887752675435
acf,0.005882114469316832
Centers for Disease Control and Prevention,0.012284386174298764
hrsa,0.018110660865185545
Food and Drug Administration,0.018158104835292607
os,0.02097100678618945
nih,0.03213438025518649
aspr,0.15985389223742058
