feature,mean_importance
acl,0.0006646503139563218
ahrq,0.0008569287110711338
Centers for Medicare and Medicaid Services,0.0017936622440624735
samhsa,0.001952106883889082
acf,0.0033980157830496905
ihs,0.00437784121876554
hrsa,0.014201014255854284
Centers for Disease Control and Prevention,0.021300102106581894
Food and Drug Administration,0.022313898411995804
os,0.026044102748203523
nih,0.054498200046653913
aspr,0.16961183477566774
