feature,mean_importance
ahrq,0.0002447635407530716
acl,0.0007801641826958273
Centers for Medicare and Medicaid Services,0.0010976705897167989
ihs,0.0041914518176753455
samhsa,0.004549025115375476
acf,0.005899002876963749
hrsa,0.006155845052686274
os,0.010731873355440133
Food and Drug Administration,0.017659185287246675
Centers for Disease Control and Prevention,0.02534525381382553
nih,0.04347675295166109
aspr,0.14229118010068614
