feature,mean_importance
ahrq,0.00042476465384319796
Centers for Medicare and Medicaid Services,0.000745796573781228
acl,0.0008346752558911197
samhsa,0.00284603227908019
ihs,0.0037045674435961227
hrsa,0.00741599873114977
acf,0.007804763535386718
os,0.010277540825548357
Centers for Disease Control and Prevention,0.02149471705032894
Food and Drug Administration,0.0306557099826825
nih,0.03431311166829091
aspr,0.11641003676657238
