feature,mean_importance
ahrq,0.00011250963434576849
Centers for Medicare and Medicaid Services,0.003409426556900143
samhsa,0.01108219896443188
ihs,0.06704052014276385
hrsa,0.16021029386669397
acl,0.3520601068763062
os,0.3800469847861677
nih,0.3828616239130497
Centers for Disease Control and Prevention,0.48749370078556237
aspr,0.5460562519310042
Food and Drug Administration,0.7362420654762536
acf,1.4497377740591764
