feature,mean_importance
ahrq,0.00011553446762263691
Centers for Medicare and Medicaid Services,0.00322643496096134
samhsa,0.011748707359656689
ihs,0.07420852473936976
hrsa,0.16875822231173515
nih,0.3399470120389014
acl,0.3580633522802964
os,0.44397551028989246
Centers for Disease Control and Prevention,0.5195808316301554
aspr,0.5680603847280145
Food and Drug Administration,0.6276703299116343
acf,1.4272350279893726
