feature,mean_importance
ahrq,0.00012216892093420002
Centers for Medicare and Medicaid Services,0.003646929562091826
samhsa,0.010209341077134011
ihs,0.06766765055246651
hrsa,0.1570002244785428
nih,0.3496120272111148
acl,0.3518585018115118
os,0.39642975730821484
Centers for Disease Control and Prevention,0.5327858309354634
aspr,0.5648161261808127
Food and Drug Administration,0.6270334529038518
acf,1.4606723545398566
