feature,mean_importance
ahrq,0.00012184366583823935
Centers for Medicare and Medicaid Services,0.003520339839160441
samhsa,0.010938914408907294
ihs,0.07240476208738983
hrsa,0.13823610670864583
acl,0.34641929743345823
nih,0.3515247377939522
os,0.3987715497985482
Centers for Disease Control and Prevention,0.5408399301394821
aspr,0.5524305772641673
Food and Drug Administration,0.6839801967144012
acf,1.5052698475215582
