target,prediction
2151.0000000000005,1007.9284
137.00000000000006,1007.9284
42.0,849.7762
14049.999999999996,1007.9284
67.00000000000001,1007.9284
114.99999999999999,1007.9284
