feature,mean_importance
ahrq,1.2147667696199712e-07
samhsa,1.8123976404478417e-06
Centers for Medicare and Medicaid Services,0.03583680259375391
hrsa,0.1657286803269949
ihs,0.17704837731100556
aspr,0.36469183761943397
nih,0.505103372688062
Food and Drug Administration,0.6929869175732681
Centers for Disease Control and Prevention,0.7916522301891409
acl,0.9165415016995508
os,1.0452102973424229
acf,2.258106381551033
