feature,mean_importance
ahrq,1.2937274644496844e-07
samhsa,1.7298754514278187e-06
Centers for Medicare and Medicaid Services,0.0421531698979352
hrsa,0.1575199546019836
ihs,0.16325121344931387
aspr,0.36663092503119354
nih,0.6147044812456739
Food and Drug Administration,0.6692432216962161
acl,0.837738278385132
Centers for Disease Control and Prevention,0.9082297510716266
os,0.9992133668521392
acf,2.2159159210268498
