feature,mean_importance
ahrq,1.177653504579897e-07
samhsa,1.7977850933788757e-06
Centers for Medicare and Medicaid Services,0.03890180364347733
ihs,0.15507332234197185
hrsa,0.16137200530839763
aspr,0.3484262392740257
nih,0.6542481965078972
Centers for Disease Control and Prevention,0.8082323223710215
acl,0.845446136729957
Food and Drug Administration,0.9149843996224437
os,0.9325883096513621
acf,2.194671767723537
