feature,mean_importance
ahrq,1.298982239267922e-07
samhsa,2.2014234855521284e-06
Centers for Medicare and Medicaid Services,0.03992771242871515
hrsa,0.1349792330479931
ihs,0.1701744721218477
aspr,0.37367642699791076
nih,0.6321428243813442
Food and Drug Administration,0.8185148165124205
acl,0.8971468872399495
Centers for Disease Control and Prevention,0.9385926332407607
os,1.016562680996667
acf,2.2285180669253863
