feature,mean_importance
ahrq,1.6555816812465017e-07
samhsa,1.756595930620065e-06
Centers for Medicare and Medicaid Services,0.0393129633034308
ihs,0.16036539554833648
hrsa,0.16344338560728952
aspr,0.3827783330117665
nih,0.5899177834040983
Centers for Disease Control and Prevention,0.7907054644509454
acl,0.8543550832650008
Food and Drug Administration,0.8817715222321978
os,1.0871269524330014
acf,2.2116279400995857
