feature,mean_importance
samhsa,0.04948733284922613
Centers for Medicare and Medicaid Services,0.06199980766555204
acl,0.06808193590840925
ahrq,0.07698981871552768
acf,0.1109279248876773
hrsa,0.1354785502199054
os,0.15240324937931868
aspr,0.16438635197681511
nih,0.21809831920401268
ihs,0.21838394913331935
Centers for Disease Control and Prevention,0.24180946103615275
Food and Drug Administration,0.25940723675560984
