feature,mean_importance
acl,0.0
ahrq,0.0
Centers for Medicare and Medicaid Services,0.0
nih,0.0
samhsa,0.0
os,0.9515981576997353
acf,2.4555597954684
Centers for Disease Control and Prevention,2.6272645116284403
Food and Drug Administration,2.7259083396349766
aspr,3.4654060209800464
hrsa,4.567842547882284
ihs,9.443521832243627
