feature,mean_importance
acf,0.0
Food and Drug Administration,0.0
Centers for Medicare and Medicaid Services,0.11667743723835189
ahrq,0.13881569023422152
hrsa,0.20618885757644106
acl,0.23679045290629414
nih,0.25085153326178944
samhsa,0.26042421880444666
ihs,0.37207799834619637
os,0.4832410764545183
aspr,1.2091151420226107
Centers for Disease Control and Prevention,2.7926575601915173
