feature,mean_importance
Centers for Medicare and Medicaid Services,0.018946831668992158
acf,0.054661140060534553
acl,0.06362234321022853
ahrq,0.09487191167614115
samhsa,0.14173067487668814
hrsa,0.15175644091168106
ihs,0.16501380563618323
os,0.16721575150248574
aspr,0.1942014857472021
Food and Drug Administration,0.21508244071247606
Centers for Disease Control and Prevention,0.2536209690430754
nih,0.25434423473463375
