feature,mean_importance
Centers for Medicare and Medicaid Services,0.04342940843388252
acl,0.04414401076970827
ahrq,0.06575888689148883
hrsa,0.08082861696434376
acf,0.1187869299626928
samhsa,0.13181968892256507
ihs,0.1336631183195591
nih,0.2022512944577551
os,0.21741761649594027
aspr,0.22942546843763637
Food and Drug Administration,0.25335196191658443
Centers for Disease Control and Prevention,0.255076180051551
