prediction,target
873.9692941535974,337.0
873.9692941535974,2515.0
873.9692941535974,2151.0
873.9692941535974,0.18
873.9692941535974,115.0
873.9692941535974,0.27
