feature,mean_importance
acl,0.000901186647817281
ahrq,0.0009019707771150862
Centers for Medicare and Medicaid Services,0.0020856473224871233
samhsa,0.003588525433876085
hrsa,0.006052145173751958
ihs,0.006404007291347305
acf,0.009531660407569673
Food and Drug Administration,0.01323671150275583
Centers for Disease Control and Prevention,0.014459092842072252
os,0.021339206159257555
nih,0.06875503968994356
aspr,0.22329908126470718
