feature,mean_importance
acl,0.000653169850794877
ahrq,0.0010355286920690485
Centers for Medicare and Medicaid Services,0.0026264592677101664
samhsa,0.002772864509318335
hrsa,0.004416012131233572
acf,0.008469091770724326
ihs,0.009515156504530503
Food and Drug Administration,0.022448949138056604
os,0.02401579813265344
nih,0.04396536239447141
Centers for Disease Control and Prevention,0.04703303448496735
aspr,0.12395173088465641
