feature,mean_importance
ahrq,0.0007034312844231511
acl,0.001083458669936222
Centers for Medicare and Medicaid Services,0.00347820860672984
samhsa,0.004795287617516325
hrsa,0.005488870213759102
acf,0.005636646901632271
ihs,0.011034249866094947
Food and Drug Administration,0.013437491143229719
os,0.01902635774591711
Centers for Disease Control and Prevention,0.021274999924392534
nih,0.060204489765613003
aspr,0.16387670979182906
