feature,mean_importance
ahrq,0.0007174164409525434
acl,0.0008238080620510702
Centers for Medicare and Medicaid Services,0.002074879386660269
samhsa,0.004095631885163689
hrsa,0.004830843736927677
acf,0.006120359925852911
ihs,0.009547023668898171
os,0.020748487591316294
Food and Drug Administration,0.027727639363796824
Centers for Disease Control and Prevention,0.029485725817379866
nih,0.07795114126365782
aspr,0.136718290907829
