feature,mean_importance
ahrq,0.0006244427626658456
acl,0.0009225330281785966
Centers for Medicare and Medicaid Services,0.0024709757162980077
samhsa,0.003204948659373816
acf,0.005779879166989301
hrsa,0.007098698327832206
ihs,0.008519544775137004
os,0.024705580819774385
Food and Drug Administration,0.025743394041060647
Centers for Disease Control and Prevention,0.03073268706639438
nih,0.07471528735783439
aspr,0.1468534323083311
