feature,mean_importance
ahrq,0.02361826237291096
Centers for Medicare and Medicaid Services,0.04908282443881033
hrsa,0.05066355507820843
ihs,0.0826166035234928
samhsa,0.08740998063236474
nih,0.14343235664069653
acl,0.17342600211501122
os,0.22184055399149655
Centers for Disease Control and Prevention,0.31126677758991717
Food and Drug Administration,0.48132432091981175
aspr,0.49402864184230566
acf,0.7807855273783206
