feature,mean_importance
ahrq,0.028946584016084652
Centers for Medicare and Medicaid Services,0.048689072281122195
hrsa,0.05265504918992518
ihs,0.07941787041723727
samhsa,0.08344462797045707
nih,0.13351414173841475
acl,0.15722175210714337
os,0.24665368352085348
Centers for Disease Control and Prevention,0.32698822509497405
Food and Drug Administration,0.4698183054104447
aspr,0.5067626366391778
acf,0.7755761199444533
