feature,mean_importance
Centers for Medicare and Medicaid Services,0.02931636244110585
ahrq,0.03784326985059498
acl,0.04819947296965392
ihs,0.09250523255678604
acf,0.10868615316450585
samhsa,0.11101418491271597
hrsa,0.12799509070243859
aspr,0.1349129405540813
nih,0.17616081797847447
Centers for Disease Control and Prevention,0.20359811693570723
Food and Drug Administration,0.2331012994069041
os,0.2941742273324977
