feature,mean_importance
hrsa,0.05761443955240149
Centers for Medicare and Medicaid Services,0.059771405839115
ihs,0.09296067455090755
ahrq,0.1001067934220208
Food and Drug Administration,0.10314230604279302
acl,0.1113012447333368
aspr,0.21509569696913636
acf,0.21862450913319034
os,0.227096270564334
samhsa,0.24570218542643785
nih,0.3087280370997771
Centers for Disease Control and Prevention,0.3145199065396227
