feature,mean_importance
Centers for Medicare and Medicaid Services,0.02808193280963911
ahrq,0.04417397441001998
ihs,0.08802086127724987
hrsa,0.0882658679256552
acl,0.10540260957813408
samhsa,0.1394114059694928
Food and Drug Administration,0.15091918927522552
os,0.20665294670416579
acf,0.20753324724328967
nih,0.27711742869337985
aspr,0.30259592328985235
Centers for Disease Control and Prevention,0.30599958351273676
