feature,mean_importance
samhsa,0.03501146121526801
Food and Drug Administration,0.057654346653480106
Centers for Medicare and Medicaid Services,0.08615953398602252
os,0.11502911158966966
hrsa,0.1442500393493093
acl,0.20540924934237173
ihs,0.23277464942619655
acf,0.2698404510689193
nih,0.3077175832816009
Centers for Disease Control and Prevention,0.3392247793965685
ahrq,0.5105711457193569
aspr,1.7171297454238341
