target,prediction
2151.0000000000005,1990.3832002369263
137.00000000000006,1572.5899661050098
42.0,148.36848096260942
14049.999999999996,2519.101891601174
67.00000000000001,1242.4499704184307
114.99999999999999,981.5735180306906
