target,prediction
2151.0000000000005,1171.1798821196999
137.00000000000006,1042.057926037409
42.0,273.6660298953716
14049.999999999996,1289.7771214663815
67.00000000000001,908.7398082759473
114.99999999999999,800.5501997309046
