feature,mean_importance
acf,0.21545479294905637
ahrq,0.5781266383948764
samhsa,0.6391187373463163
acl,0.815160990277859
Centers for Disease Control and Prevention,0.9767994419690911
Food and Drug Administration,1.1378957491930883
Centers for Medicare and Medicaid Services,1.298993321204376
os,1.4525718805533934
hrsa,2.0438120278949348
nih,3.159863427174588
ihs,3.428812368037781
aspr,4.758992388993127
