feature,mean_importance
samhsa,0.33100022078531544
acf,0.5292236777889221
acl,0.5834278179531555
ahrq,0.6138798236460776
Centers for Medicare and Medicaid Services,1.1131748186621855
Centers for Disease Control and Prevention,1.1185625723337451
os,1.6472490806272178
Food and Drug Administration,1.73951941493983
hrsa,1.8569652524408373
ihs,2.9257699658343617
nih,3.3084584754204096
aspr,4.807640726328148
