feature,mean_importance
ahrq,0.38655268571608115
Centers for Medicare and Medicaid Services,0.44908359428446093
acl,0.47759870580769126
acf,0.4904086784191792
nih,0.5832601630110876
Centers for Disease Control and Prevention,0.6877634051130879
samhsa,0.761398455719271
os,1.1812712987387783
hrsa,1.2410131556589696
Food and Drug Administration,2.064349815723738
ihs,2.9195332178514706
aspr,4.077040182617877
