feature,mean_importance
ahrq,0.46623825198151525
samhsa,0.561096343782847
acf,0.7013147226686419
Centers for Medicare and Medicaid Services,0.7734626834122393
Centers for Disease Control and Prevention,0.9933885891395426
acl,1.268587693878747
Food and Drug Administration,1.2871088055912376
os,1.296912758849156
hrsa,1.457087315529887
ihs,2.849462618161184
nih,3.6190990233339706
aspr,4.521659275197313
