feature,mean_importance
acf,0.0830808812212187
ahrq,0.21555870982827666
acl,0.32661412302761084
Food and Drug Administration,0.5155628410670531
Centers for Disease Control and Prevention,0.7731464161153426
samhsa,0.8707194073203753
Centers for Medicare and Medicaid Services,1.012350806455362
hrsa,1.3245446068923492
os,1.3514764068997196
nih,1.7563227637134389
ihs,3.4749451632401596
aspr,4.225376497931935
