feature,mean_importance
samhsa,4.109931089782737e-06
ahrq,2.74512889901501e-05
Centers for Medicare and Medicaid Services,0.021848668298955855
hrsa,0.09689646391711577
ihs,0.10162138712032143
aspr,0.3083064874105082
nih,0.5254948949037154
acl,0.5387331485550557
Centers for Disease Control and Prevention,0.5636695580793661
os,0.6070043099843151
Food and Drug Administration,0.6732573282274792
acf,1.5432549480900135
