feature,mean_importance
samhsa,3.712195138856595e-06
ahrq,2.7574675391370977e-05
Centers for Medicare and Medicaid Services,0.021328357123936863
ihs,0.09279742737166741
hrsa,0.11620816417949656
aspr,0.29877688476116854
Centers for Disease Control and Prevention,0.47352712639114997
acl,0.501114127944301
nih,0.5357352756268551
os,0.5529380109963119
Food and Drug Administration,0.783537544770283
acf,1.493403051725582
