feature,mean_importance
samhsa,3.846898522345219e-06
ahrq,2.7066412328159837e-05
Centers for Medicare and Medicaid Services,0.01965244890280631
ihs,0.1068667689852115
hrsa,0.11985470901758513
aspr,0.3091680164969697
nih,0.40395049324033094
Centers for Disease Control and Prevention,0.47069483809930207
acl,0.5559736953403472
Food and Drug Administration,0.5666695785084375
os,0.6277667524730302
acf,1.5337969700428844
