feature,mean_importance
samhsa,3.6681089593734637e-06
ahrq,2.6061478356727954e-05
Centers for Medicare and Medicaid Services,0.021534274390737053
ihs,0.09450538123014898
hrsa,0.11759329128701337
aspr,0.3170210398071173
Centers for Disease Control and Prevention,0.46592571403724065
nih,0.4839413370312009
acl,0.5027063817952876
os,0.6501329523410273
Food and Drug Administration,0.739053532256737
acf,1.5213456245988446
