feature,mean_importance
samhsa,3.529994263982384e-06
ahrq,2.6890256176885506e-05
Centers for Medicare and Medicaid Services,0.023088857586370675
ihs,0.0957490311100204
hrsa,0.11297755284495974
aspr,0.30999373804633396
acl,0.490878635183158
nih,0.5088798248588815
Food and Drug Administration,0.541426866458846
Centers for Disease Control and Prevention,0.5424708963361755
os,0.5946374546142426
acf,1.4741304199699659
