feature,mean_importance
ahrq,0.0944901271625365
acf,0.4108891476471621
acl,0.5203417724754335
Centers for Disease Control and Prevention,0.5493520272416933
hrsa,0.5684809421355844
Food and Drug Administration,0.953865058772941
os,1.3321948152152163
samhsa,1.489649707876169
Centers for Medicare and Medicaid Services,1.5092450476845276
nih,1.5752162199252746
aspr,2.556125460650705
ihs,4.0114070072560795
