feature,mean_importance
acf,0.2246630110503726
ahrq,0.264767930398051
acl,0.3752192599475674
Centers for Disease Control and Prevention,0.41240312635142107
hrsa,0.45510662224272147
nih,0.852066760876631
Food and Drug Administration,0.8892017546092269
os,0.9182260604119957
Centers for Medicare and Medicaid Services,1.0220801665322128
samhsa,1.3443049247443082
aspr,2.4275841567318297
ihs,4.364023177646804
