feature,mean_importance
ahrq,0.20458106933640935
acl,0.21200100917466366
samhsa,0.23723890630409658
os,0.4828277554177422
acf,0.5337264146359597
nih,0.6596728277331982
Food and Drug Administration,0.6900896135547134
hrsa,0.9202686001640302
Centers for Medicare and Medicaid Services,1.0779180498033814
Centers for Disease Control and Prevention,1.157719050570827
ihs,2.101322506125667
aspr,3.8467750003053522
