feature,mean_importance
ahrq,0.31449743642374894
Centers for Disease Control and Prevention,0.32953004804097746
acl,0.39302103674418587
samhsa,0.7400245249514328
acf,0.8898330426967151
os,1.5049255984439809
Food and Drug Administration,1.5806814952878698
nih,1.6202445536694827
Centers for Medicare and Medicaid Services,1.6951526801261896
hrsa,1.8964373557592968
ihs,3.7006891738256846
aspr,4.097398172466338
