feature,mean_importance
ahrq,0.20505753952052236
samhsa,0.20835460811019096
acf,0.24360827738821555
acl,0.2552139997477559
Food and Drug Administration,0.4523320253019113
hrsa,0.5222399096264475
os,0.5757100853886387
nih,0.7295825168338823
Centers for Medicare and Medicaid Services,0.9885200492277131
Centers for Disease Control and Prevention,1.1737319268300825
ihs,2.869665939195118
aspr,3.530226220243334
