feature,mean_importance
samhsa,7.561273752892017e-05
Centers for Medicare and Medicaid Services,0.00022021671407534857
ahrq,0.0021819675546850166
hrsa,0.003525313358908413
os,0.0056669119822717875
ihs,0.016511708206446808
Centers for Disease Control and Prevention,0.02228004220835863
aspr,0.022661605379855718
acl,0.03969553491986618
nih,0.06796580153686099
acf,0.21999969098851602
Food and Drug Administration,0.31873834307282867
