feature,mean_importance
samhsa,7.600811060548165e-05
Centers for Medicare and Medicaid Services,0.00023892097623172395
ahrq,0.0028949874847306848
hrsa,0.003548698251880325
os,0.006242661601925746
ihs,0.015201237721493083
aspr,0.025007089249120186
Centers for Disease Control and Prevention,0.025525654626764555
acl,0.04177682047729249
nih,0.07448351116918134
acf,0.2330951034615653
Food and Drug Administration,0.3096291037607931
