feature,mean_importance
samhsa,7.606288607769732e-05
Centers for Medicare and Medicaid Services,0.0002716782492705232
ahrq,0.002340340441692331
hrsa,0.0029675706302192723
os,0.006003809908103957
ihs,0.013927759414284415
Centers for Disease Control and Prevention,0.020710826847553813
aspr,0.025409726037855164
acl,0.05569796160090732
nih,0.09084491439403823
acf,0.24942187942595523
Food and Drug Administration,0.2968047328974258
