feature,mean_importance
samhsa,7.108094589039738e-05
Centers for Medicare and Medicaid Services,0.00022600147367729976
ahrq,0.0024146332069916814
hrsa,0.003268503388790115
os,0.006026889566088101
ihs,0.013362074771008089
Centers for Disease Control and Prevention,0.020264587217218265
aspr,0.024200517802288626
acl,0.04799396844231417
nih,0.0912760592409153
acf,0.22274547533734368
Food and Drug Administration,0.25747932756808767
