feature,mean_importance
samhsa,7.935862056997993e-05
Centers for Medicare and Medicaid Services,0.00021531920039841623
ahrq,0.0022797680202122756
hrsa,0.0034971021863480444
os,0.005044591536916767
ihs,0.016808061210979656
aspr,0.023949287816336137
Centers for Disease Control and Prevention,0.026138953950903786
acl,0.04271299482620818
nih,0.0770843778821203
acf,0.22784263325263385
Food and Drug Administration,0.28735356651154215
