feature,mean_importance
ahrq,0.0005390329797251806
Centers for Medicare and Medicaid Services,0.0009638029612295098
acl,0.0021294060284615026
samhsa,0.002504722704907312
ihs,0.0032959605765881827
acf,0.00649166944019364
hrsa,0.01296024631201089
Food and Drug Administration,0.013006104986439924
os,0.016178051975778377
Centers for Disease Control and Prevention,0.024252726447062556
nih,0.07805513345508591
aspr,0.25397159286204785
