feature,mean_importance
ahrq,0.0006744134715774037
Centers for Medicare and Medicaid Services,0.0010252031210924374
acl,0.0024195212293646575
samhsa,0.0035584091167764286
ihs,0.004803506010789901
acf,0.007087791655526097
Food and Drug Administration,0.018173918240793015
hrsa,0.0245432284007907
Centers for Disease Control and Prevention,0.026061922464559073
os,0.02727996378433789
nih,0.06160505727441303
aspr,0.288214225332614
