feature,mean_importance
Centers for Medicare and Medicaid Services,0.0005649480843101945
ahrq,0.0007775669540361701
acl,0.0014189500951468626
samhsa,0.0023448757742449006
ihs,0.0037065407678173847
acf,0.0067226154457762834
Food and Drug Administration,0.01660370328101655
hrsa,0.022364617360454857
Centers for Disease Control and Prevention,0.024250218064999097
os,0.027106248459427506
nih,0.0554751319273132
aspr,0.29470735138286397
