feature,mean_importance
ahrq,0.0006395354521631555
Centers for Medicare and Medicaid Services,0.0009580175948498578
acl,0.0019009129780340715
samhsa,0.0021526214344467845
ihs,0.004038977077891052
acf,0.0062717245555266535
Food and Drug Administration,0.012104616139744503
hrsa,0.01854308196747301
os,0.0209901183137489
Centers for Disease Control and Prevention,0.026190646269730212
nih,0.05883438121923695
aspr,0.25434783019047236
