feature,mean_importance
ahrq,0.0004923547846715237
Centers for Medicare and Medicaid Services,0.0007545279247033064
samhsa,0.0022557664419329757
acl,0.002980386108452227
ihs,0.003362805495709406
acf,0.007527305362122962
Centers for Disease Control and Prevention,0.014810337607682664
hrsa,0.016673764940771333
Food and Drug Administration,0.019914518150064776
os,0.02123383986919011
nih,0.055164451932286605
aspr,0.2254562294699686
