feature,mean_importance
ahrq,0.06883672471847865
Centers for Medicare and Medicaid Services,0.07069560821610404
samhsa,0.09214375538463304
acl,0.11805670886601112
hrsa,0.12673765960328393
os,0.1644537641583591
aspr,0.16727625226813375
acf,0.167600355684006
ihs,0.17914362233441886
nih,0.2219853700032338
Centers for Disease Control and Prevention,0.2742333429464562
Food and Drug Administration,0.3217162796671006
