feature,mean_importance
Centers for Medicare and Medicaid Services,0.047858371113454146
ahrq,0.052318806904702565
samhsa,0.08182826528971417
acl,0.0858548470086007
hrsa,0.09097639839092825
acf,0.10460859400278086
os,0.19605933724462177
ihs,0.20499620704907673
nih,0.2083681165207075
Centers for Disease Control and Prevention,0.2829803825198537
aspr,0.30932896467544674
Food and Drug Administration,0.33800379967087835
