feature,mean_importance
Centers for Medicare and Medicaid Services,0.056686069575176315
ahrq,0.07470541757552353
acl,0.08136781442152434
samhsa,0.0899664492957695
acf,0.1040229819346234
hrsa,0.12569510113131255
ihs,0.1352156904128806
os,0.15169659328739415
aspr,0.19490145414288113
nih,0.22548902424313103
Centers for Disease Control and Prevention,0.3140737076392738
Food and Drug Administration,0.36297968330644814
