feature,mean_importance
ahrq,0.045182550712756064
Centers for Medicare and Medicaid Services,0.05027853682163046
acl,0.07376828819493345
hrsa,0.1113213201980309
samhsa,0.11212592150154821
acf,0.11850753563833623
ihs,0.1866902001702384
os,0.2072014058676611
nih,0.20897669647356093
aspr,0.24086773436695003
Centers for Disease Control and Prevention,0.30055892268694917
Food and Drug Administration,0.35466720131797924
