feature,mean_importance
Centers for Medicare and Medicaid Services,0.0
nih,0.0
samhsa,0.0
ahrq,0.05319576414647337
hrsa,0.1597473992990067
acf,0.16715812791811233
Food and Drug Administration,0.5012949984646198
aspr,0.6922203117276297
acl,0.7756493482599927
ihs,1.1732839684332266
os,1.955406558278836
Centers for Disease Control and Prevention,3.41169593887643
