feature,mean_importance
ahrq,0.00011769732460379655
Centers for Medicare and Medicaid Services,0.00350869025103748
samhsa,0.011755373692139984
ihs,0.06656643155030906
hrsa,0.16448525356128813
acl,0.33665844693779945
nih,0.35775379961356524
os,0.451899975426495
Centers for Disease Control and Prevention,0.5207545107789338
aspr,0.5557258857646957
Food and Drug Administration,0.7020691430103033
acf,1.4827048076502976
