feature,mean_importance
ahrq,9.39311459660544e-05
Centers for Medicare and Medicaid Services,0.0035964610800147067
samhsa,0.0118306867685169
ihs,0.0739887671917677
hrsa,0.13777334207668898
nih,0.34568279691040515
acl,0.3485932027921081
os,0.4036014524754138
aspr,0.5489988438598812
Centers for Disease Control and Prevention,0.5599649580940605
Food and Drug Administration,0.6746155539993197
acf,1.5195012847706677
