feature,mean_importance
ahrq,8.675132878124825e-05
Centers for Medicare and Medicaid Services,0.0034701102506369376
samhsa,0.012001381879672408
ihs,0.06863313452340664
hrsa,0.15973385960794986
acl,0.35453229485079646
nih,0.37608404841274024
os,0.38461963494308293
Centers for Disease Control and Prevention,0.5065269285440446
aspr,0.5428919358458371
Food and Drug Administration,0.7255688284803183
acf,1.464013337623328
