feature,mean_importance
ahrq,9.416648186743315e-05
Centers for Medicare and Medicaid Services,0.00373771756887436
samhsa,0.011050172206014395
ihs,0.06913674607872963
hrsa,0.15655122039839625
nih,0.3436362588498742
acl,0.35459578714799134
os,0.40113968344405293
Centers for Disease Control and Prevention,0.5516603066213429
aspr,0.5614038545964286
Food and Drug Administration,0.6174404403008521
acf,1.473418729752302
