feature,mean_importance
ahrq,8.901717141270721e-05
Centers for Medicare and Medicaid Services,0.0032998805586248654
samhsa,0.012726355092599988
ihs,0.07568604348227381
hrsa,0.16822310171090066
nih,0.3337518431711942
acl,0.35989983076695353
os,0.44939812411554164
Centers for Disease Control and Prevention,0.5376637172140182
aspr,0.5644524146290497
Food and Drug Administration,0.618728236714378
acf,1.4404682374745605
