prediction,target
3082.0374001776945,2151.0
2768.6924745787574,137.0
202.74219405529038,42.0
3478.576418700881,14050.0
2521.087477813823,67.0
2325.4301385230183,115.0
