feature,mean_importance
hrsa,0.00017726432208750375
os,0.002500183509033618
nih,0.004106178498760915
ihs,0.00898159807573704
ahrq,0.009799093050944358
Centers for Medicare and Medicaid Services,0.014586850765818693
Centers for Disease Control and Prevention,0.019234911082957783
aspr,0.02551719088845327
samhsa,0.025913613450089835
Food and Drug Administration,0.06783294216805665
acl,0.10827536696071687
acf,0.5489570586537593
