feature,mean_importance
hrsa,0.00019847581498578642
os,0.002880854120989503
nih,0.005049890327881657
ihs,0.008072283847204213
ahrq,0.008843778952812801
Centers for Medicare and Medicaid Services,0.014973307458343296
Centers for Disease Control and Prevention,0.023668206214848532
samhsa,0.0275112096926168
aspr,0.02764470910602797
Food and Drug Administration,0.05945412014341369
acl,0.141353301189097
acf,0.5643216159584957
