feature,mean_importance
hrsa,0.00017991120290252127
os,0.002283419505067286
nih,0.004190669310938966
Centers for Medicare and Medicaid Services,0.01215941398170739
ihs,0.01251709578934775
ahrq,0.012679117525902108
Centers for Disease Control and Prevention,0.021508352874313696
aspr,0.028251427318353357
samhsa,0.028503299449152864
Food and Drug Administration,0.05411512723597177
acl,0.13013611292002686
acf,0.5629606222004145
