feature,mean_importance
hrsa,0.00019089942124060895
os,0.002815822993691847
nih,0.005070954512756456
ihs,0.008863744568878661
ahrq,0.010786981945432733
Centers for Medicare and Medicaid Services,0.01429039214482063
Centers for Disease Control and Prevention,0.019971967191116047
samhsa,0.020138297192360117
aspr,0.029315324412417038
Food and Drug Administration,0.06924536115788246
acl,0.10305120211138781
acf,0.5551938872949304
