feature,mean_importance
hrsa,0.0001929215022332463
os,0.002808364590076356
nih,0.0054079654214413105
ihs,0.01026948991625622
ahrq,0.010817701824793713
Centers for Medicare and Medicaid Services,0.014620354457285134
Centers for Disease Control and Prevention,0.024319907512250133
aspr,0.027706472715711465
samhsa,0.027983434151320437
Food and Drug Administration,0.06084597961237026
acl,0.13391715146976796
acf,0.5595857929027633
