feature,mean_importance
samhsa,0.03287377111800294
acl,0.034853824715728086
Centers for Medicare and Medicaid Services,0.054800632271117644
acf,0.05967989156872546
ahrq,0.08770245026002269
hrsa,0.10318003852265675
aspr,0.13013539679906735
nih,0.14920292330398582
os,0.19066302744677494
ihs,0.19466772910217495
Centers for Disease Control and Prevention,0.22400297178015705
Food and Drug Administration,0.22895073513423606
