feature,mean_importance
samhsa,0.04350673629838879
ahrq,0.05298039122651095
acf,0.05770582274911109
Centers for Medicare and Medicaid Services,0.05874097882679221
acl,0.07474902275768947
hrsa,0.0876076649262389
aspr,0.09956209774460353
ihs,0.12232286691450503
nih,0.17129926818656055
os,0.19872891964230285
Centers for Disease Control and Prevention,0.20657996212558025
Food and Drug Administration,0.2319169693024808
