feature,mean_importance
Centers for Medicare and Medicaid Services,0.023883297781798384
acl,0.029699226278027478
samhsa,0.05626532084788534
ahrq,0.06339255643504452
acf,0.0932224357370405
os,0.12016822672945562
nih,0.12596477833261854
hrsa,0.12611212783544587
aspr,0.14490544549881976
ihs,0.1599109485435133
Centers for Disease Control and Prevention,0.2508189203797171
Food and Drug Administration,0.29677205055463735
