feature,mean_importance
samhsa,0.03615874133412085
acf,0.0419413473238107
acl,0.04378243164235936
Centers for Medicare and Medicaid Services,0.06918036934829397
nih,0.08287653425826233
ahrq,0.0934194522879516
os,0.11120230013771741
hrsa,0.1684845257363959
aspr,0.17375744506091553
ihs,0.1779603036042708
Food and Drug Administration,0.23904839018318427
Centers for Disease Control and Prevention,0.24568018646598513
