feature,mean_importance
Centers for Medicare and Medicaid Services,0.05230782050375744
samhsa,0.060395522260586795
ahrq,0.06287554219644495
acl,0.06795684243586711
acf,0.0855937041984732
nih,0.09741206202666612
aspr,0.11034389566432705
hrsa,0.120803774921633
os,0.12171696066937177
ihs,0.16089202096851213
Food and Drug Administration,0.22596982454761982
Centers for Disease Control and Prevention,0.27545561451316625
