feature,mean_importance
ahrq,9.07592009752961e-05
Centers for Medicare and Medicaid Services,0.0034080374054610714
samhsa,0.011898018792271613
ihs,0.06770872018299998
hrsa,0.1379220837634057
acl,0.34512796938885
nih,0.353574872110039
os,0.40050019968301054
Centers for Disease Control and Prevention,0.541824270747602
aspr,0.5525879265088588
Food and Drug Administration,0.6879607915971427
acf,1.5024938588030636
