feature,mean_importance
ahrq,8.377769030630395e-05
Centers for Medicare and Medicaid Services,0.0033008593041449776
samhsa,0.012075385591015219
ihs,0.06272519708611071
hrsa,0.15989492742344738
acl,0.35087812223006043
os,0.38164634760469196
nih,0.3852072469331324
Centers for Disease Control and Prevention,0.48809356126934295
aspr,0.5461788443289697
Food and Drug Administration,0.7404829131625592
acf,1.446777978334576
