feature,mean_importance
ahrq,9.100445546209729e-05
Centers for Medicare and Medicaid Services,0.003531103366985917
samhsa,0.011115190200507639
ihs,0.06324709188193083
hrsa,0.15668215312995018
acl,0.35074271192774176
nih,0.35163132067769765
os,0.39809229981154204
Centers for Disease Control and Prevention,0.5336584104038775
aspr,0.5650184594327583
Food and Drug Administration,0.6306018508039415
acf,1.458151989514008
