feature,mean_importance
ahrq,8.608372882008414e-05
Centers for Medicare and Medicaid Services,0.0031206417176872477
samhsa,0.01280244416557252
ihs,0.06947119477204979
hrsa,0.16841616385616362
nih,0.3416014430299401
acl,0.35649833416566257
os,0.44571623515337705
Centers for Disease Control and Prevention,0.520611595902592
aspr,0.5683527256781234
Food and Drug Administration,0.6312872332893311
acf,1.4253493509814146
