feature,mean_importance
ahrq,0.00011398294009268284
Centers for Medicare and Medicaid Services,0.0033259275928139683
samhsa,0.011841669287532568
ihs,0.06094712055288255
hrsa,0.164651652649045
acl,0.33335804266855124
nih,0.36642932223156094
os,0.4482390121929348
Centers for Disease Control and Prevention,0.5022358959168195
aspr,0.5595498820627107
Food and Drug Administration,0.716406922703609
acf,1.4653754517994824
