feature,mean_importance
acf,0.3792961470180848
samhsa,0.5481868131378669
acl,0.6452836533244053
Food and Drug Administration,0.785327313296247
ahrq,0.8027009191833768
hrsa,1.0238271974906485
nih,1.046271886743788
Centers for Medicare and Medicaid Services,1.2475439225953848
os,1.355512133442031
Centers for Disease Control and Prevention,1.4562522224170873
ihs,2.2436781058094932
aspr,4.342781174119336
