feature,mean_importance
samhsa,0.47760028193075216
acf,1.0691618997232073
hrsa,1.1517919941340298
Food and Drug Administration,1.3298489606200643
os,1.3663754374023054
Centers for Medicare and Medicaid Services,1.4521251091788687
ahrq,1.49737356206783
Centers for Disease Control and Prevention,1.9362370382356446
acl,2.2660840516691
ihs,3.5021184977273676
nih,4.02221174280002
aspr,5.910811681250356
