feature,mean_importance
acf,0.8862702373490331
acl,1.0730303114634128
samhsa,1.124724840242723
hrsa,1.2110788737542617
Centers for Disease Control and Prevention,1.215365289081588
ahrq,1.2411164872858849
Food and Drug Administration,1.269703608047576
Centers for Medicare and Medicaid Services,1.5150316836839282
nih,1.6395381670526556
os,1.8628453486618892
ihs,2.870289163852525
aspr,4.1228637453478845
