feature,mean_importance
Food and Drug Administration,0.7345915130210285
os,0.7991169577785499
acf,0.8153023756294736
ahrq,0.8435985179004047
acl,0.8908263116609708
samhsa,0.9342765270263979
hrsa,1.1651737462393563
Centers for Disease Control and Prevention,1.3264980275394471
Centers for Medicare and Medicaid Services,1.6198237289141708
nih,2.5543689455251823
ihs,3.011412156912094
aspr,4.204105729420464
