feature,mean_importance
ahrq,0.1624183955584793
acl,0.3012075179751283
samhsa,0.5669070662272441
acf,0.7587641277429761
Food and Drug Administration,1.2065808506828564
os,1.315856941944749
hrsa,1.3759203847008663
Centers for Medicare and Medicaid Services,1.524792270317017
Centers for Disease Control and Prevention,1.9551049905118254
nih,2.2186683608688536
ihs,3.1780994753109995
aspr,4.760509412677946
