feature,mean_importance
staff_involved,0.0
acf,0.0
ahrq,0.0
aspr,0.0
cms,0.0
samhsa,0.0
os,1.124735883744793
cdc,1.4629933044588679
hrsa,2.3124922612207492
ihs,2.9551358635464315
nih,3.3853340981381392
acl,3.4224058471229766
fda,4.99360493014389
